HHID,Parcel_ID,Field_ID,depth_bottom,Depth.range,Zone,AEZ,N_Degree,N_Minute,E_Degree,E_Minute,SSN,AcidCarbon,Acidified.Nitrogen,Total.Carbon,Total.Nitrogen,Clay,Sand,Silt,Code.y,Code.x,lat,long
1001,1,2,20,0-20cm,Borena,Upper Kolla,3,44.079,38,36.476,icr116151,0.917648841,0.067888222,0.964464242,0.070819931,47.81547991,27.5342275,18.28472737,1001.1.2.20,1001.1.2.20,3.73465,38.60793333
1001,1,3,20,0-20cm,Borena,Upper Kolla,3,44.654,38,36.456,icr116153,0.705957585,0.051300014,0.72711876,0.053622036,50.9084532,32.47930353,16.76507136,1001.1.3.20,1001.1.3.20,3.744233333,38.6076
1002,1,2,20,0-20cm,Borena,Upper Kolla,3,43.953,38,36.4,icr116155,1.034903579,0.073515375,1.071384784,0.076467146,49.12159233,31.11162557,21.91473868,1002.1.2.20,1002.1.2.20,3.73255,38.60666667
1003,1,2,20,0-20cm,Borena,Upper Kolla,3,44.127,38,36.373,icr116157,1.44903459,0.109840297,1.523747958,0.114636338,51.87505437,21.04774192,22.88281149,1003.1.2.20,1003.1.2.20,3.73545,38.60621667
1003,1,3,20,0-20cm,Borena,Upper Kolla,3,44.149,38,36.378,icr116159,1.713356667,0.135317809,1.76963612,0.141513563,55.99325437,13.55256485,19.75398942,1003.1.3.20,1003.1.3.20,3.735816667,38.6063
1004,1,2,20,0-20cm,Borena,Upper Kolla,3,44.04,38,36.205,icr116162,1.140558905,0.08530555,1.225254673,0.087843252,45.02772532,22.33591433,22.62180471,1004.1.2.20,1004.1.2.20,3.734,38.60341667
1004,1,5,20,0-20cm,Borena,Upper Kolla,3,44.064,38,36.273,icr116166,1.279566091,0.097131974,1.363900629,0.100549318,45.81694053,20.28555128,24.12026727,1004.1.5.20,1004.1.5.20,3.7344,38.60455
1005,1,2,20,0-20cm,Borena,Upper Kolla,3,44.226,38,36.151,icr116169,1.193144786,0.093783153,1.26161273,0.09802833,50.73203629,16.46441938,19.26533244,1005.1.2.20,1005.1.2.20,3.7371,38.60251667
1005,1,3,20,0-20cm,Borena,Upper Kolla,3,44.217,38,36.156,icr116171,1.024583147,0.077306339,1.092893772,0.080842068,52.27412632,22.02828687,20.27702971,1005.1.3.20,1005.1.3.20,3.73695,38.6026
1006,1,2,20,0-20cm,Borena,Upper Kolla,3,44.255,38,36.057,icr116173,1.332922794,0.102004013,1.385515164,0.106099392,44.7682882,26.06408938,27.22234732,1006.1.2.20,1006.1.2.20,3.737583333,38.60095
1007,1,2,20,0-20cm,Borena,Upper Kolla,3,44.019,38,36.567,icr116176,1.440556402,0.11004267,1.458217519,0.112335094,38.99315917,35.89820885,32.83862852,1007.1.2.20,1007.1.2.20,3.73365,38.60945
1007,2,1,20,0-20cm,Borena,Upper Kolla,3,44.235,38,36.616,icr116178,1.392802082,0.105559895,1.45281378,0.109947809,44.71473417,26.38350176,25.71948364,1007.2.1.20,1007.2.1.20,3.73725,38.61026667
1009,1,2,20,0-20cm,Borena,Upper Kolla,3,43.882,38,36.433,icr116183,1.333742129,0.101292667,1.395135121,0.105696062,46.36292402,24.88671701,26.11074787,1009.1.2.20,1009.1.2.20,3.731366667,38.60721667
1009,1,4,20,0-20cm,Borena,Upper Kolla,3,43.871,38,36.433,icr116185,1.353799296,0.102966043,1.3975736,0.107408898,47.52214748,23.76908359,25.77931215,1009.1.4.20,1009.1.4.20,3.731183333,38.60721667
101,1,2,20,0-20cm,Borena,Kolla,6,15.985,38,8.34,icr115841,2.639025096,0.20299392,2.597505048,0.213875374,73.1477993,8.256045793,20.25701697,101.1.2.20,101.1.2.20,6.266416667,38.139
101,1,3,20,0-20cm,Borena,Kolla,6,15.967,38,8.355,icr115843,4.056535417,0.287955954,4.25304267,0.303220055,64.56135172,7.520220956,24.64179513,101.1.3.20,101.1.3.20,6.266116667,38.13925
1010,1,4,20,0-20cm,Borena,Upper Kolla,3,44.063,38,36.344,icr116187,1.162764151,0.088750501,1.239904399,0.092450301,49.93619684,18.08628456,18.51946402,1010.1.4.20,1010.1.4.20,3.734383333,38.60573333
1010,2,1,20,0-20cm,Borena,Upper Kolla,3,44.274,38,36.255,icr116190,0.997343416,0.077380972,1.060840512,0.080805338,48.83064391,20.29484338,17.31182753,1010.2.1.20,1010.2.1.20,3.7379,38.60425
1011,1,2,20,0-20cm,Borena,Upper Kolla,3,44.202,38,36.197,icr116192,1.20786212,0.091611844,1.311951564,0.093331191,43.97527603,23.37716172,23.42965682,1011.1.2.20,1011.1.2.20,3.7367,38.60328333
1011,2,1,20,0-20cm,Borena,Upper Kolla,3,44.113,38,36.331,icr116195,1.296153599,0.095423935,1.367401036,0.09877182,47.24486127,22.88537138,23.81727436,1011.2.1.20,1011.2.1.20,3.735216667,38.60551667
1012,1,3,20,0-20cm,Borena,Upper Kolla,3,44.195,38,36.204,icr116199,1.054964339,0.079068167,1.099576271,0.082361711,51.39244318,24.4779147,20.90689116,1012.1.3.20,1012.1.3.20,3.736583333,38.6034
102,1,2,20,0-20cm,Borena,Kolla,6,15.732,38,8.626,icr115845,4.249799685,0.306367455,4.305943271,0.31947838,61.35289555,9.910761395,31.31380254,102.1.2.20,102.1.2.20,6.2622,38.14376667
103,1,2,20,0-20cm,Borena,Kolla,6,14.765,38,8.63,icr115847,2.686461537,0.191035799,2.773151673,0.20050948,74.34920551,10.40326959,19.1630643,103.1.2.20,103.1.2.20,6.246083333,38.14383333
104,1,3,20,0-20cm,Borena,Kolla,6,14.385,38,8.337,icr115849,2.994228169,0.219893004,3.313815861,0.232220126,55.54098429,8.5414669,24.54901963,104.1.3.20,104.1.3.20,6.23975,38.13895
104,1,5,20,0-20cm,Borena,Kolla,6,14.387,38,8.35,icr115851,3.282087536,0.234861366,3.862460413,0.246852493,58.0768607,8.852440229,24.93130914,104.1.5.20,104.1.5.20,6.239783333,38.13916667
105,1,2,20,0-20cm,Borena,Kolla,6,14.912,38,8.184,icr115853,2.691154272,0.20162538,2.91262385,0.211074378,55.87984581,7.849841829,23.31455826,105.1.2.20,105.1.2.20,6.248533333,38.1364
105,1,3,20,0-20cm,Borena,Kolla,6,14.921,38,8.17,icr115855,2.395660086,0.176099542,2.585741183,0.18628044,64.94156582,6.062686271,17.11432831,105.1.3.20,105.1.3.20,6.248683333,38.13616667
106,1,2,20,0-20cm,Borena,Kolla,6,14.764,38,7.887,icr115857,3.263799252,0.238174304,3.588052658,0.2520941,63.04064106,6.54983233,21.47527329,106.1.2.20,106.1.2.20,6.246066667,38.13145
107,1,2,20,0-20cm,Borena,Kolla,6,14.557,38,7.666,icr115861,3.359793631,0.245338522,3.52308884,0.260569649,70.24408403,5.994315259,18.16828472,107.1.2.20,107.1.2.20,6.242616667,38.12776667
107,1,3,20,0-20cm,Borena,Kolla,6,14.557,38,7.662,icr115863,3.246086141,0.235184831,3.424781678,0.248165457,66.61096622,7.114536792,19.85383252,107.1.3.20,107.1.3.20,6.242616667,38.1277
108,1,2,20,0-20cm,Borena,Kolla,6,14.687,38,7.668,icr115865,3.166826165,0.229740414,3.219714913,0.240244932,69.32438262,6.769606474,19.97505552,108.1.2.20,108.1.2.20,6.244783333,38.1278
109,1,3,20,0-20cm,Borena,Kolla,6,8.07,38,8.07,icr115871,4.02538454,0.297831786,4.100005214,0.316319111,75.9478897,5.562827628,20.56542928,109.1.3.20,109.1.3.20,6.1345,38.1345
110,1,2,20,0-20cm,Borena,Kolla,6,14.038,38,8.02,icr115873,3.870234516,0.29058788,4.02388917,0.30952198,75.68742361,5.169451843,19.97792354,110.1.2.20,110.1.2.20,6.233966667,38.13366667
110,2,1,20,0-20cm,Borena,Kolla,6,14.083,38,7.851,icr115875,3.732016265,0.279013618,3.90175816,0.296912067,74.98484958,5.456823452,20.09007828,110.2.1.20,110.2.1.20,6.234716667,38.13085
1101,1,2,20,0-20cm,Borena,Upper Kolla,3,58.162,38,27.196,icr116201,1.004703023,0.072704075,1.033470468,0.075801058,60.06970284,19.371044,16.09507879,1101.1.2.20,1101.1.2.20,3.969366667,38.45326667
1102,1,2,20,0-20cm,Borena,Upper Kolla,3,58.673,38,27.218,icr116203,1.29934751,0.092455232,1.329661911,0.095826164,62.61039386,15.04918905,16.44145815,1102.1.2.20,1102.1.2.20,3.977883333,38.45363333
1102,1,3,20,0-20cm,Borena,Upper Kolla,3,58.698,38,27.224,icr116205,1.49351397,0.108618915,1.50856179,0.112839885,64.13473573,12.66451489,17.33266676,1102.1.3.20,1102.1.3.20,3.9783,38.45373333
1103,1,2,20,0-20cm,Borena,Upper Kolla,3,58.683,38,27.269,icr116207,1.668182414,0.119270474,1.694636529,0.124125284,66.14317428,12.75860583,17.87237836,1103.1.2.20,1103.1.2.20,3.97805,38.45448333
1105,1,2,20,0-20cm,Borena,Upper Kolla,3,58.347,38,27.748,icr116209,1.363526213,0.097979622,1.379165654,0.102196305,63.87791788,15.0520414,18.11514926,1105.1.2.20,1105.1.2.20,3.97245,38.46246667
1105,2,1,20,0-20cm,Borena,Upper Kolla,3,58.306,38,27.75,icr116211,1.195664421,0.087656802,1.209580658,0.090777764,64.80853034,13.85210452,14.92735023,1105.2.1.20,1105.2.1.20,3.971766667,38.4625
1106,2,1,20,0-20cm,Borena,Upper Kolla,3,57.381,38,27.884,icr116213,1.16548312,0.089905403,1.16768572,0.093718736,65.40734922,12.7064748,14.78428689,1106.2.1.20,1106.2.1.20,3.95635,38.46473333
1107,2,1,20,0-20cm,Borena,Upper Kolla,3,57.931,38,27.434,icr116217,1.168133739,0.086462839,1.183303432,0.089968845,65.3090187,14.23569955,14.84482165,1107.2.1.20,1107.2.1.20,3.965516667,38.45723333
1108,1,2,20,0-20cm,Borena,Upper Kolla,3,58.262,38,27.784,icr116219,1.144471021,0.081767344,1.169366016,0.085397725,60.63119021,19.03868332,18.01079764,1108.1.2.20,1108.1.2.20,3.971033333,38.46306667
111,1,2,20,0-20cm,Borena,Kolla,6,13.606,38,7.654,icr115877,4.27979754,0.324550963,4.387222503,0.34690284,76.43284969,4.831581779,19.93177922,111.1.2.20,111.1.2.20,6.226766667,38.12756667
111,2,1,20,0-20cm,Borena,Kolla,6,13.628,38,7.609,icr115879,2.455840669,0.183006292,2.471583585,0.193360341,61.04074617,16.91666299,24.44996546,111.2.1.20,111.2.1.20,6.227133333,38.12681667
1110,1,2,20,0-20cm,Borena,Upper Kolla,3,57.727,38,29.142,icr116223,1.28785701,0.094420334,1.325211961,0.09839097,61.91291818,15.31067907,16.57751774,1110.1.2.20,1110.1.2.20,3.962116667,38.4857
1111,1,2,20,0-20cm,Borena,Upper Kolla,3,57.837,38,28.753,icr116226,1.41213223,0.104671084,1.419056043,0.109850229,65.37244448,13.37841818,16.34386351,1111.1.2.20,1111.1.2.20,3.96395,38.47921667
1111,1,4,20,0-20cm,Borena,Upper Kolla,3,57.705,38,29.12,icr116229,1.851645134,0.137985892,1.899180433,0.144541396,65.34986223,12.381825,18.42264128,1111.1.4.20,1111.1.4.20,3.96175,38.48533333
1112,1,2,20,0-20cm,Borena,Upper Kolla,3,58.298,38,27.668,icr116232,2.021959886,0.148080141,2.087185935,0.153353648,63.33454608,12.05257559,21.11710633,1112.1.2.20,1112.1.2.20,3.971633333,38.46113333
1112,1,3,20,0-20cm,Borena,Upper Kolla,3,58.299,38,27.664,icr116234,1.477329679,0.107779684,1.495916752,0.111957099,63.83395235,13.28447475,17.33906901,1112.1.3.20,1112.1.3.20,3.97165,38.46106667
112,2,1,20,0-20cm,Borena,Kolla,6,14.132,38,7.832,icr115881,3.828414813,0.286219845,4.006188047,0.298291145,62.49079287,8.653662081,28.49799132,112.2.1.20,112.2.1.20,6.235533333,38.13053333
112,3,1,20,0-20cm,Borena,Kolla,6,14.132,38,7.828,icr115883,2.278291356,0.16244341,2.331878451,0.170517059,63.52173829,12.41755869,21.8045496,112.3.1.20,112.3.1.20,6.235533333,38.13046667
1201,1,2,20,0-20cm,Borena,Weyna Dega,5,35.537,38,12.933,icr116237,2.294488071,0.196624293,2.360846293,0.213627865,80.90292083,3.389346123,9.817322159,1201.1.2.20,1201.1.2.20,5.592283333,38.21555
1202,1,2,20,0-20cm,Borena,Weyna Dega,5,35.652,38,13.249,icr116240,2.254818667,0.176871484,2.418244096,0.190757955,70.34779512,6.507865306,15.99799583,1202.1.2.20,1202.1.2.20,5.5942,38.22081667
1203,1,2,20,0-20cm,Borena,Weyna Dega,5,35.731,38,13.347,icr116245,3.386601321,0.258801849,3.491468912,0.276704862,72.76612424,7.754115388,18.41067286,1203.1.2.20,1203.1.2.20,5.595516667,38.22245
1203,1,4,20,0-20cm,Borena,Weyna Dega,5,37.119,38,13.332,icr116247,2.246309388,0.169784525,2.337160532,0.181078703,67.22603377,9.903561497,17.92454882,1203.1.4.20,1203.1.4.20,5.61865,38.2222
1204,1,2,20,0-20cm,Borena,Weyna Dega,5,35.575,38,13.754,icr116249,2.039216914,0.15798706,2.137823686,0.168562292,65.51818713,8.760817837,17.10032705,1204.1.2.20,1204.1.2.20,5.592916667,38.22923333
1206,1,2,20,0-20cm,Borena,Weyna Dega,5,34.963,38,13.139,icr116256,2.710761903,0.210641074,2.838883152,0.224906769,64.42125983,7.15558166,19.59223661,1206.1.2.20,1206.1.2.20,5.582716667,38.21898333
1207,1,2,20,0-20cm,Borena,Weyna Dega,5,34.618,38,13.033,icr116258,3.014381159,0.234508398,3.120198784,0.243835864,60.01836296,8.98095706,20.12363802,1207.1.2.20,1207.1.2.20,5.576966667,38.21721667
1208,2,1,20,0-20cm,Borena,Weyna Dega,5,34.759,38,12.602,icr116261,2.933731984,0.220956411,3.068811897,0.235669258,69.82525102,7.047882029,16.60267087,1208.2.1.20,1208.2.1.20,5.579316667,38.21003333
1208,2,3,20,0-20cm,Borena,Weyna Dega,5,34.794,38,12.634,icr116263,2.646368092,0.204089455,2.750377519,0.218868759,72.49920696,7.147573458,16.06473139,1208.2.3.20,1208.2.3.20,5.5799,38.21056667
1209,1,2,20,0-20cm,Borena,Weyna Dega,5,35.019,38,12.671,icr116265,1.821839349,0.13881545,1.893869827,0.147948888,70.67083269,9.938269649,12.99972046,1209.1.2.20,1209.1.2.20,5.58365,38.21118333
1209,2,1,20,0-20cm,Borena,Weyna Dega,5,35.175,38,12.448,icr116268,1.797219047,0.14501262,1.865289403,0.155641362,73.7007767,5.985738939,10.12492401,1209.2.1.20,1209.2.1.20,5.58625,38.20746667
1210,1,2,20,0-20cm,Borena,Weyna Dega,5,33.932,38,12.349,icr116270,2.327675884,0.187090477,2.430366554,0.202045948,73.97226784,5.924000184,13.21748707,1210.1.2.20,1210.1.2.20,5.565533333,38.20581667
1211,2,1,20,0-20cm,Borena,Weyna Dega,5,34.395,38,12.227,icr116273,2.797019936,0.223659791,2.884872359,0.242152627,68.74020144,5.711975982,17.37301025,1211.2.1.20,1211.2.1.20,5.57325,38.20378333
1211,2,2,20,0-20cm,Borena,Weyna Dega,5,34.589,38,12.271,icr116275,2.809585559,0.216259002,2.937473691,0.229336054,63.73242849,8.781882547,20.50957343,1211.2.2.20,1211.2.2.20,5.576483333,38.20451667
1212,1,2,20,0-20cm,Borena,Weyna Dega,5,34.456,38,12.609,icr116277,2.249749424,0.170333632,2.374888159,0.18098571,65.41629806,11.2532835,19.0038529,1212.1.2.20,1212.1.2.20,5.574266667,38.21015
1212,1,3,20,0-20cm,Borena,Weyna Dega,5,34.458,38,12.608,icr116279,1.721157927,0.130432998,1.802854561,0.138142161,59.2677517,14.52260096,19.05764174,1212.1.3.20,1212.1.3.20,5.5743,38.21013333
1301,1,2,20,0-20cm,Borena,Weyna Dega,5,22.715,38,17.673,icr116281,1.390314053,0.105812711,1.470692325,0.111742326,61.25588659,15.40801121,15.36139041,1301.1.2.20,1301.1.2.20,5.378583333,38.29455
1301,2,1,20,0-20cm,Borena,Weyna Dega,5,23.003,38,17.363,icr116283,1.121837724,0.086164231,1.207249079,0.091443893,60.8815953,14.91876776,12.56376579,1301.2.1.20,1301.2.1.20,5.383383333,38.28938333
1302,1,2,20,0-20cm,Borena,Weyna Dega,5,22.28,38,17.247,icr116286,0.967269917,0.075535764,1.039701411,0.079467443,58.91386781,14.1625578,9.924590746,1302.1.2.20,1302.1.2.20,5.371333333,38.28745
1302,1,3,20,0-20cm,Borena,Weyna Dega,5,22.213,38,17.15,icr116288,1.075662664,0.085273066,1.112239366,0.089109288,52.99100055,17.54661338,14.82348429,1302.1.3.20,1302.1.3.20,5.370216667,38.28583333
1303,1,2,20,0-20cm,Borena,Weyna Dega,5,22.077,38,17.035,icr116291,1.266792945,0.099615233,1.280534011,0.102592505,45.14921534,28.63939718,26.0485105,1303.1.2.20,1303.1.2.20,5.36795,38.28391667
1303,1,4,20,0-20cm,Borena,Weyna Dega,5,22.219,38,16.839,icr116293,1.645773687,0.125933919,1.673140532,0.130534723,48.46579026,26.2659409,27.74023393,1303.1.4.20,1303.1.4.20,5.370316667,38.28065
1305,1,2,20,0-20cm,Borena,Weyna Dega,5,21.648,38,17.174,icr116299,0.971399771,0.075234614,0.985174549,0.07695329,40.71866817,40.02054466,26.89734929,1305.1.2.20,1305.1.2.20,5.3608,38.28623333
1306,1,3,20,0-20cm,Borena,Weyna Dega,5,21.747,38,16.358,icr116303,1.664978363,0.121791692,1.671394808,0.124717271,47.19863925,24.14751432,29.19633128,1306.1.3.20,1306.1.3.20,5.36245,38.27263333
1307,1,3,20,0-20cm,Borena,Weyna Dega,5,20.279,38,15.981,icr116305,1.429685458,0.110700084,1.405220099,0.110840667,33.1401997,51.35304143,42.21716941,1307.1.3.20,1307.1.3.20,5.337983333,38.26635
1308,1,2,20,0-20cm,Borena,Weyna Dega,5,20.977,38,17.303,icr116307,0.881563641,0.068218534,0.938990719,0.072291472,53.43718171,20.4064056,15.07049065,1308.1.2.20,1308.1.2.20,5.349616667,38.28838333
1309,3,2,20,0-20cm,Borena,Weyna Dega,5,22.312,38,17.707,icr116311,1.150101037,0.089475785,1.246040697,0.095134193,60.71574029,16.11799837,16.20709968,1309.3.2.20,1309.3.2.20,5.371866667,38.29511667
1310,1,2,20,0-20cm,Borena,Weyna Dega,5,19.172,38,13.281,icr116313,1.267941978,0.100221274,1.313387469,0.10630739,49.2002854,24.89112125,23.63543215,1310.1.2.20,1310.1.2.20,5.319533333,38.22135
1401,1,2,20,0-20cm,Borena,Upper Kolla,5,28.33,38,31.48,icr116320,2.010315634,0.168479883,2.046753995,0.179502699,62.30731446,10.03708758,15.996254,1401.1.2.20,1401.1.2.20,5.472166667,38.52466667
1401,1,3,20,0-20cm,Borena,Upper Kolla,5,28.331,38,31.479,icr116322,1.562083199,0.117783758,1.653433499,0.125631759,57.29960115,20.96546035,20.52782952,1401.1.3.20,1401.1.3.20,5.472183333,38.52465
1402,2,1,20,0-20cm,Borena,Upper Kolla,5,28.265,38,31.786,icr116325,1.4891365,0.115457999,1.549261518,0.123012032,55.15289994,19.59314419,18.96681917,1402.2.1.20,1402.2.1.20,5.471083333,38.52976667
1403,1,2,20,0-20cm,Borena,Upper Kolla,5,28.555,38,31.615,icr116327,2.117751888,0.168490623,2.144795372,0.179070663,57.82056364,14.81786919,23.50475709,1403.1.2.20,1403.1.2.20,5.475916667,38.52691667
1404,2,2,20,0-20cm,Borena,Upper Kolla,5,27.803,38,31.57,icr116331,2.238885662,0.183773708,2.294863855,0.195686758,63.10053761,8.990468409,15.02344932,1404.2.2.20,1404.2.2.20,5.463383333,38.52616667
1405,1,2,20,0-20cm,Borena,Upper Kolla,5,27.955,38,31.475,icr116333,2.484388515,0.205128209,2.571454215,0.22052896,68.63710906,7.275224921,14.79354309,1405.1.2.20,1405.1.2.20,5.465916667,38.52458333
1405,1,3,20,0-20cm,Borena,Upper Kolla,5,27.953,38,31.474,icr116334,2.158449825,0.17142636,2.261306442,0.18373012,70.77940805,7.810975337,12.78087955,1405.1.3.20,1405.1.3.20,5.465883333,38.52456667
1406,1,2,20,0-20cm,Borena,Upper Kolla,5,28.078,38,31.317,icr116336,2.690623036,0.221148281,2.775144549,0.237910397,71.00268334,6.285658382,14.53374574,1406.1.2.20,1406.1.2.20,5.467966667,38.52195
1407,1,2,20,0-20cm,Borena,Upper Kolla,5,28.111,38,31.279,icr116338,3.931482557,0.321241496,4.002847853,0.342716056,62.58074285,9.146364349,24.00579934,1407.1.2.20,1407.1.2.20,5.468516667,38.52131667
1408,1,2,20,0-20cm,Borena,Upper Kolla,5,28.017,38,31.257,icr116340,2.116600721,0.166699383,2.21454662,0.176400293,61.50340955,12.18952343,16.30156748,1408.1.2.20,1408.1.2.20,5.46695,38.52095
1409,2,1,20,0-20cm,Borena,Upper Kolla,5,28.122,38,31.375,icr116342,2.160018487,0.175956609,2.219247851,0.186147061,57.1057701,11.97046376,19.61670081,1409.2.1.20,1409.2.1.20,5.4687,38.52291667
1410,1,2,20,0-20cm,Borena,Upper Kolla,5,20.102,38,31.377,icr116344,2.109800069,0.162993649,2.169749188,0.174487001,66.66878298,11.94437154,18.00523348,1410.1.2.20,1410.1.2.20,5.335033333,38.52295
1411,1,2,20,0-20cm,Borena,Upper Kolla,5,28.178,38,31.527,icr116347,2.112131797,0.163049655,2.202861326,0.173249204,56.51660278,15.66677463,23.66056994,1411.1.2.20,1411.1.2.20,5.469633333,38.52545
1412,1,2,20,0-20cm,Borena,Upper Kolla,5,28.098,38,31.489,icr116350,1.865889239,0.148597998,1.940310309,0.158766718,64.32755106,10.77359354,14.86799696,1412.1.2.20,1412.1.2.20,5.4683,38.52481667
1501,1,2,20,0-20cm,Borena,Upper Kolla,5,30.604,38,36.622,icr116352,1.349627681,0.097158346,1.436975926,0.101144703,48.01504372,22.82843281,22.86034982,1501.1.2.20,1501.1.2.20,5.510066667,38.61036667
1501,1,3,20,0-20cm,Borena,Upper Kolla,5,30.605,38,36.638,icr116354,1.842765118,0.133153366,1.923179743,0.138984167,49.45574565,20.31983949,26.25799663,1501.1.3.20,1501.1.3.20,5.510083333,38.61063333
1502,1,2,20,0-20cm,Borena,Upper Kolla,5,30.372,38,36.567,icr116356,2.058246911,0.152760539,2.148049552,0.159427885,47.70750901,19.14600043,29.13070913,1502.1.2.20,1502.1.2.20,5.5062,38.60945
1503,1,2,20,0-20cm,Borena,Upper Kolla,5,30.055,38,36.652,icr116358,1.573251016,0.10956797,1.67779826,0.114008006,52.81028131,24.07356099,23.36654782,1503.1.2.20,1503.1.2.20,5.500916667,38.61086667
1503,1,3,20,0-20cm,Borena,Upper Kolla,5,30.046,38,36.662,icr116360,1.566716564,0.114224058,1.629869158,0.119851284,52.06947214,18.73551673,22.1213494,1503.1.3.20,1503.1.3.20,5.500766667,38.61103333
1504,1,2,20,0-20cm,Borena,Upper Kolla,5,30.247,38,36.93,icr116362,2.093776893,0.148443701,2.240202106,0.15544657,48.27921641,21.04072114,28.63983381,1504.1.2.20,1504.1.2.20,5.504116667,38.6155
1505,1,2,20,0-20cm,Borena,Upper Kolla,5,30.038,38,36.875,icr116364,1.830800772,0.126030713,1.955610434,0.131546161,50.13755319,25.02732083,26.3043967,1505.1.2.20,1505.1.2.20,5.500633333,38.61458333
1505,1,3,20,0-20cm,Borena,Upper Kolla,5,30.065,38,36.873,icr116366,2.222664234,0.1605869,2.322558631,0.167880822,51.02978752,16.8155395,25.53517754,1505.1.3.20,1505.1.3.20,5.501083333,38.61455
1506,1,3,20,0-20cm,Borena,Upper Kolla,5,30.296,38,36.874,icr116368,2.208932415,0.161265687,2.352317805,0.169263818,51.82188005,15.64610461,25.25435671,1506.1.3.20,1506.1.3.20,5.504933333,38.61456667
1507,2,1,20,0-20cm,Borena,Upper Kolla,5,37.223,38,14.707,icr116372,1.351869729,0.097589802,1.436057859,0.102632412,50.4998332,21.70927079,22.80696292,1507.2.1.20,1507.2.1.20,5.620383333,38.24511667
1508,1,2,20,0-20cm,Borena,Upper Kolla,5,30.012,38,36.657,icr116374,1.512244981,0.107854601,1.584159355,0.113213825,50.42866308,24.59416712,25.99785469,1508.1.2.20,1508.1.2.20,5.5002,38.61095
1509,1,2,20,0-20cm,Borena,Upper Kolla,5,30.874,38,36.447,icr116378,1.494312903,0.106802105,1.584934862,0.111537797,48.93238628,25.03154065,25.77819887,1509.1.2.20,1509.1.2.20,5.514566667,38.60745
1509,1,3,20,0-20cm,Borena,Upper Kolla,5,30.888,38,36.43,icr116380,1.554325451,0.110358222,1.651147021,0.115301195,50.51814526,23.8299172,24.80323013,1509.1.3.20,1509.1.3.20,5.5148,38.60716667
1510,2,1,20,0-20cm,Borena,Upper Kolla,5,29.513,38,36.776,icr116382,2.38819545,0.175378226,2.522303174,0.184205095,54.13538846,14.94235913,25.51688515,1510.2.1.20,1510.2.1.20,5.491883333,38.61293333
1511,2,2,20,0-20cm,Borena,Upper Kolla,5,29.2,38,36.759,icr116386,2.517319692,0.187165177,2.669967082,0.199403889,60.62380581,10.92740246,21.13017135,1511.2.2.20,1511.2.2.20,5.486666667,38.61265
1511,2,3,20,0-20cm,Borena,Upper Kolla,5,29.248,38,36.765,icr116388,2.041776464,0.149756617,2.126460859,0.157576155,58.01424854,14.27644165,21.94335443,1511.2.3.20,1511.2.3.20,5.487466667,38.61275
1601,1,2,20,0-20cm,Borena,Upper Kolla,6,5.677,38,5.633,icr116392,2.370017335,0.185244999,2.381029837,0.192288901,51.64877218,14.15324679,29.26242787,1601.1.2.20,1601.1.2.20,6.094616667,38.09388333
1601,2,1,20,0-20cm,Borena,Upper Kolla,6,5.678,38,5.678,icr116394,2.479458978,0.194912249,2.489285234,0.202343751,50.23388074,14.76545788,31.29928908,1601.2.1.20,1601.2.1.20,6.094633333,38.09463333
1602,1,2,20,0-20cm,Borena,Upper Kolla,6,19.62,39,14.253,icr116396,2.375044404,0.186399198,2.481721145,0.197032263,66.96140196,7.166526093,18.34975413,1602.1.2.20,1602.1.2.20,6.327,39.23755
1602,2,1,20,0-20cm,Borena,Upper Kolla,6,20.675,38,14.705,icr116398,2.253833457,0.178003309,2.355665604,0.187979781,66.05764315,7.551250699,18.99338357,1602.2.1.20,1602.2.1.20,6.344583333,38.24508333
1603,2,1,20,0-20cm,Borena,Upper Kolla,6,19.954,38,14.951,icr116400,2.232368515,0.172955501,2.247039589,0.183224043,76.71251152,6.899333382,13.91603331,1603.2.1.20,1603.2.1.20,6.332566667,38.24918333
1603,2,2,20,0-20cm,Borena,Upper Kolla,6,19.964,38,14.938,icr116402,3.109828531,0.244151256,3.130186729,0.259724241,78.8931553,6.169154828,17.64389461,1603.2.2.20,1603.2.2.20,6.332733333,38.24896667
1604,2,1,20,0-20cm,Borena,Upper Kolla,6,20.154,38,15.133,icr116404,2.876710264,0.228914146,2.978694849,0.244468638,71.14707915,4.945908254,16.32774271,1604.2.1.20,1604.2.1.20,6.3359,38.25221667
1604,2,2,20,0-20cm,Borena,Upper Kolla,6,20.148,38,15.127,icr116406,2.805737963,0.222925428,2.916204827,0.237661123,70.75873351,5.135597519,16.32419853,1604.2.2.20,1604.2.2.20,6.3358,38.25211667
1606,1,2,20,0-20cm,Borena,Upper Kolla,6,20.075,36,15.165,icr116409,2.230319842,0.177181561,2.239131839,0.187649403,73.24498548,6.824033594,15.69782204,1606.1.2.20,1606.1.2.20,6.334583333,36.25275
1608,2,2,20,0-20cm,Borena,Upper Kolla,6,19.673,38,13.654,icr116418,2.805326437,0.217050087,2.84089982,0.225419595,53.51368738,13.25989108,30.45821978,1608.2.2.20,1608.2.2.20,6.327883333,38.22756667
1609,2,1,20,0-20cm,Borena,Upper Kolla,6,19.741,38,15.033,icr116421,2.359704363,0.188256711,2.359064202,0.195795454,49.81934468,14.57336815,31.99179555,1609.2.1.20,1609.2.1.20,6.329016667,38.25055
1609,2,2,20,0-20cm,Borena,Upper Kolla,6,19.745,38,15.044,icr116423,2.297092905,0.18073612,2.302353833,0.186716953,48.97747368,15.77824229,31.81861437,1609.2.2.20,1609.2.2.20,6.329083333,38.25073333
1610,2,1,20,0-20cm,Borena,Upper Kolla,6,20.171,38,14.959,icr116427,2.382889818,0.192826084,2.474349434,0.204217288,64.82123731,7.237527481,20.05229868,1610.2.1.20,1610.2.1.20,6.336183333,38.24931667
1612,1,2,20,0-20cm,Borena,Upper Kolla,6,19.866,38,14.689,icr116433,2.896339666,0.232510392,2.984950057,0.247357363,69.85606256,5.77909596,17.9164667,1612.1.2.20,1612.1.2.20,6.3311,38.24481667
1701,1,2,20,0-20cm,Borena,Weyna Dega,6,9.458,38,8.4,icr116435,2.160257639,0.165952571,2.201948694,0.174777576,76.01428765,7.428373752,15.41214141,1701.1.2.20,1701.1.2.20,6.157633333,38.14
1702,2,3,20,0-20cm,Borena,Weyna Dega,6,10.583,38,7.973,icr116437,3.121160298,0.243977987,3.126266935,0.258776094,77.8232795,6.164205099,18.13207713,1702.2.3.20,1702.2.3.20,6.176383333,38.13288333
1702,2,4,20,0-20cm,Borena,Weyna Dega,6,10.581,38,8.028,icr116439,3.447869038,0.264947626,3.505483907,0.280425801,77.48803869,6.621361103,19.74570723,1702.2.4.20,1702.2.4.20,6.17635,38.1338
1703,1,2,20,0-20cm,Borena,Weyna Dega,6,9.483,38,8.535,icr116441,3.791843914,0.285804026,3.860702723,0.299687399,78.05902127,7.412536272,24.82802752,1703.1.2.20,1703.1.2.20,6.15805,38.14225
1704,2,1,20,0-20cm,Borena,Weyna Dega,6,9.494,38,9.135,icr116443,3.718628937,0.295844074,3.815785202,0.316395252,73.85573661,6.002394703,21.15303985,1704.2.1.20,1704.2.1.20,6.158233333,38.15225
1704,2,2,20,0-20cm,Borena,Weyna Dega,6,9.417,38,8.489,icr116445,3.378327508,0.260757245,3.381949909,0.275456279,80.11822327,6.361567895,19.58245313,1704.2.2.20,1704.2.2.20,6.15695,38.14148333
1705,1,2,20,0-20cm,Borena,Weyna Dega,6,9.841,38,8.782,icr116447,3.199971005,0.252654942,3.258362037,0.26960558,78.43880092,5.267308846,16.7182715,1705.1.2.20,1705.1.2.20,6.164016667,38.14636667
1705,2,1,20,0-20cm,Borena,Weyna Dega,6,9.703,38,8.577,icr116449,3.0696147,0.244179014,3.107032462,0.261744303,74.71367022,5.468938306,17.66317684,1705.2.1.20,1705.2.1.20,6.161716667,38.14295
1706,1,2,20,0-20cm,Borena,Weyna Dega,6,10.008,38,8.68,icr116451,3.32871788,0.263518046,3.384517749,0.281081455,79.23823348,4.908066524,15.26528626,1706.1.2.20,1706.1.2.20,6.1668,38.14466667
1707,1,2,20,0-20cm,Borena,Weyna Dega,6,10.309,38,8.75,icr116453,3.222069963,0.25195833,3.237545965,0.268452733,79.38052178,6.085055257,15.28280305,1707.1.2.20,1707.1.2.20,6.171816667,38.14583333
1707,1,3,20,0-20cm,Borena,Weyna Dega,6,10.326,38,8.735,icr116455,2.849662587,0.232377093,2.939747024,0.249243082,78.65038167,4.336244543,13.84680952,1707.1.3.20,1707.1.3.20,6.1721,38.14558333
1708,1,2,20,0-20cm,Borena,Weyna Dega,6,10.112,38,8.723,icr116457,3.679918168,0.302301175,3.735601377,0.324509385,78.97227931,4.331735072,14.89240155,1708.1.2.20,1708.1.2.20,6.168533333,38.14538333
1709,1,2,20,0-20cm,Borena,Weyna Dega,6,10.024,38,9.048,icr116459,3.937841365,0.317153496,3.999973568,0.339096328,78.40484137,4.656588964,18.23117545,1709.1.2.20,1709.1.2.20,6.167066667,38.1508
1709,2,1,20,0-20cm,Borena,Weyna Dega,6,10.066,38,8.966,icr116461,3.405933357,0.282495812,3.462479435,0.30337643,78.62944482,4.143379374,14.20047201,1709.2.1.20,1709.2.1.20,6.167766667,38.14943333
1710,1,2,20,0-20cm,Borena,Weyna Dega,6,9.924,38,8.905,icr116463,3.612686959,0.291145305,3.727307288,0.31165173,77.44801672,4.833373019,17.43374905,1710.1.2.20,1710.1.2.20,6.1654,38.14841667
1710,2,1,20,0-20cm,Borena,Weyna Dega,6,9.607,38,8.798,icr116465,3.695118574,0.301267239,3.766527606,0.323549792,79.26544869,3.894572216,14.36605229,1710.2.1.20,1710.2.1.20,6.160116667,38.14663333
1711,1,2,20,0-20cm,Borena,Weyna Dega,6,9.606,38,8.799,icr116467,3.639070069,0.292877161,3.735062723,0.31450186,77.64389004,4.581684298,17.17511762,1711.1.2.20,1711.1.2.20,6.1601,38.14665
1801,1,2,20,0-20cm,Borena,Kolla,5,41.903,38,10.398,icr116473,3.263585058,0.256556421,3.303346046,0.272104515,77.36923339,5.98950615,18.27827569,1801.1.2.20,1801.1.2.20,5.698383333,38.1733
1801,1,4,20,0-20cm,Borena,Kolla,5,41.957,38,10.324,icr116475,2.788772367,0.223366544,2.846198859,0.239275724,74.71047984,5.29146251,14.96683281,1801.1.4.20,1801.1.4.20,5.699283333,38.17206667
1802,2,1,20,0-20cm,Borena,Kolla,5,41.478,38,10.387,icr116479,2.772102946,0.221167548,2.809544121,0.236645736,75.6242791,5.370517924,14.75834719,1802.2.1.20,1802.2.1.20,5.6913,38.17311667
1802,2,2,20,0-20cm,Borena,Kolla,5,41.487,38,10.368,icr116481,2.682311859,0.214035663,2.753188337,0.229301116,73.92729769,5.672835079,15.04629619,1802.2.2.20,1802.2.2.20,5.69145,38.1728
1803,1,2,20,0-20cm,Borena,Kolla,5,42,38,10.247,icr116483,2.889897602,0.206175076,3.016806582,0.217849678,70.60195531,7.480490544,18.25540287,1803.1.2.20,1803.1.2.20,5.7,38.17078333
1803,1,3,20,0-20cm,Borena,Kolla,5,42.225,38,11.246,icr116485,3.001321609,0.217614855,3.11805484,0.231094031,71.56624467,6.741226574,18.57644516,1803.1.3.20,1803.1.3.20,5.70375,38.18743333
1805,1,2,20,0-20cm,Borena,Kolla,5,42.283,38,10.247,icr116494,2.403140208,0.190235357,2.494575563,0.201410257,72.20613836,5.876570834,15.46353077,1805.1.2.20,1805.1.2.20,5.704716667,38.17078333
1805,1,4,20,0-20cm,Borena,Kolla,5,42.247,38,10.233,icr116499,2.702861722,0.219056315,2.743916165,0.234805015,79.81476898,4.285112453,12.65973168,1805.1.4.20,1805.1.4.20,5.704116667,38.17055
1806,1,2,20,0-20cm,Borena,Kolla,5,41.921,38,10.396,icr116501,3.317492014,0.260263149,3.343131213,0.27729706,78.33430206,5.096030483,16.74069626,1806.1.2.20,1806.1.2.20,5.698683333,38.17326667
1807,2,1,20,0-20cm,Borena,Kolla,5,39.682,38,12.062,icr116505,3.086963038,0.241016839,3.079500651,0.2547932,73.25947529,6.96720013,19.08452412,1807.2.1.20,1807.2.1.20,5.661366667,38.20103333
1808,1,3,20,0-20cm,Borena,Kolla,5,40.465,38,11.129,icr116511,2.731321778,0.208192965,2.722805856,0.22105592,75.95838271,7.218202604,19.15330499,1808.1.3.20,1808.1.3.20,5.674416667,38.18548333
1809,1,2,20,0-20cm,Borena,Kolla,5,40.551,38,11.407,icr116517,2.758897806,0.216574348,2.806769724,0.230229847,77.34472086,5.887530073,15.70501246,1809.1.2.20,1809.1.2.20,5.67585,38.19011667
1809,1,3,20,0-20cm,Borena,Kolla,5,40.539,38,11.406,icr116519,2.364181966,0.180299607,2.370072242,0.191651485,73.70011007,8.300127262,19.72439715,1809.1.3.20,1809.1.3.20,5.67565,38.1901
1810,1,2,20,0-20cm,Borena,Kolla,5,41.601,38,10.365,icr116526,2.466696601,0.188653361,2.466177338,0.19987335,74.28746827,7.898134079,18.57772357,1810.1.2.20,1810.1.2.20,5.69335,38.17275
1810,1,3,20,0-20cm,Borena,Kolla,5,41.645,38,10.347,icr116528,2.365372503,0.186806206,2.421815168,0.19793319,73.8519442,6.72421661,14.87341328,1810.1.3.20,1810.1.3.20,5.694083333,38.17245
1811,1,2,20,0-20cm,Borena,Kolla,5,41.611,38,10.526,icr116532,2.333654939,0.177504874,2.354874912,0.18826472,72.74957363,8.365922059,19.02824264,1811.1.2.20,1811.1.2.20,5.693516667,38.17543333
1812,1,2,20,0-20cm,Borena,Kolla,5,42,38,10.318,icr116540,2.298348754,0.176207803,2.317752639,0.186842236,69.95724135,9.284152061,20.68937371,1812.1.2.20,1812.1.2.20,5.7,38.17196667
1812,2,1,20,0-20cm,Borena,Kolla,5,42.222,38,10.351,icr116542,2.247953413,0.178094052,2.261706152,0.188788065,79.27877336,6.011544955,13.57724798,1812.2.1.20,1812.2.1.20,5.7037,38.17251667
1901,2,1,20,0-20cm,Borena,Weyna Dega,4,30.061,38,18.49,icr116546,1.051114266,0.079845012,1.055465728,0.082238459,53.66682557,20.38067968,19.05507471,1901.2.1.20,1901.2.1.20,4.501016667,38.30816667
1902,2,1,20,0-20cm,Borena,Weyna Dega,4,29.842,38,18.285,icr116548,0.885951083,0.064991471,0.894123496,0.066368775,52.6480917,26.18052359,17.91106607,1902.2.1.20,1902.2.1.20,4.497366667,38.30475
1903,2,1,20,0-20cm,Borena,Weyna Dega,4,29.853,38,18.28,icr116550,1.3817406,0.106187574,1.394487567,0.109865378,55.97132459,16.71679426,20.57524412,1903.2.1.20,1903.2.1.20,4.49755,38.30466667
1904,2,1,20,0-20cm,Borena,Weyna Dega,4,29.913,38,18.618,icr116552,0.952793978,0.071222716,0.967568984,0.073706069,56.19209346,20.43853784,17.4283457,1904.2.1.20,1904.2.1.20,4.49855,38.3103
1905,2,1,20,0-20cm,Borena,Weyna Dega,4,29.748,38,18.287,icr116554,0.973222404,0.072043126,0.990711412,0.074442273,59.90875345,18.03703711,15.60840061,1905.2.1.20,1905.2.1.20,4.4958,38.30478333
1906,2,1,20,0-20cm,Borena,Weyna Dega,4,29.753,38,18.285,icr116556,1.163174261,0.08763316,1.183472876,0.0903323,58.83016535,16.64811434,17.32833945,1906.2.1.20,1906.2.1.20,4.495883333,38.30475
1907,2,1,20,0-20cm,Borena,Weyna Dega,4,29.54,38,18.338,icr116558,1.228487199,0.09213121,1.236217599,0.09549922,59.95075518,15.17742787,17.58546467,1907.2.1.20,1907.2.1.20,4.492333333,38.30563333
1908,2,1,20,0-20cm,Borena,Weyna Dega,4,29.537,38,18.341,icr116560,1.40489532,0.107314846,1.407313975,0.111532891,59.92287018,13.59288242,19.03779901,1908.2.1.20,1908.2.1.20,4.492283333,38.30568333
1909,2,1,20,0-20cm,Borena,Weyna Dega,4,29.535,38,18.343,icr116562,1.392471875,0.104419502,1.397618213,0.107820334,61.79161455,13.70627758,17.23790307,1909.2.1.20,1909.2.1.20,4.49225,38.30571667
1910,2,1,20,0-20cm,Borena,Weyna Dega,4,29.76,38,18.254,icr116564,1.36478035,0.100826811,1.368113254,0.10429576,60.05449312,15.88299495,18.7163724,1910.2.1.20,1910.2.1.20,4.496,38.30423333
1911,2,1,20,0-20cm,Borena,Weyna Dega,4,29.764,38,18.232,icr116566,1.297169689,0.095491091,1.295020507,0.096924878,58.47841452,17.70167715,17.4595069,1911.2.1.20,1911.2.1.20,4.496066667,38.30386667
1912,2,1,20,0-20cm,Borena,Weyna Dega,4,29.729,38,18.245,icr116568,1.053820603,0.076564091,1.057826357,0.07834119,56.1486625,21.87355374,18.16408839,1912.2.1.20,1912.2.1.20,4.495483333,38.30408333
2001,1,2,20,0-20cm,Borena,Upper Kolla,4,16.337,38,23.496,icr116572,1.311446663,0.093491876,1.391421327,0.096933587,59.3548517,15.35361234,17.69785175,2001.1.2.20,2001.1.2.20,4.272283333,38.3916
2002,1,2,20,0-20cm,Borena,Upper Kolla,4,16.286,38,23.52,icr116574,1.658923865,0.117525946,1.790359195,0.12194903,63.11405149,13.28751991,17.70825232,2002.1.2.20,2002.1.2.20,4.271433333,38.392
2003,1,2,20,0-20cm,Borena,Upper Kolla,4,16.215,38,23.455,icr116576,1.247767489,0.086952123,1.420407102,0.089922115,60.02743605,16.79882588,17.02770281,2003.1.2.20,2003.1.2.20,4.27025,38.39091667
2004,2,1,20,0-20cm,Borena,Upper Kolla,4,14.45,38,24.254,icr116578,1.035944131,0.077714132,1.051717788,0.081075018,63.29293373,16.15961397,15.23600947,2004.2.1.20,2004.2.1.20,4.240833333,38.40423333
2005,1,2,20,0-20cm,Borena,Upper Kolla,4,16.316,38,23.43,icr116580,1.011374368,0.069863495,1.188928715,0.071794148,56.89872245,21.17947606,16.98889837,2005.1.2.20,2005.1.2.20,4.271933333,38.3905
2007,2,2,20,0-20cm,Borena,Upper Kolla,4,16.291,38,23.445,icr116584,1.03231099,0.074706116,1.077687632,0.076931637,60.2970956,16.9531234,14.9792665,2007.2.2.20,2007.2.2.20,4.271516667,38.39075
2008,2,1,20,0-20cm,Borena,Upper Kolla,4,14.412,38,24.254,icr116586,0.903220423,0.063381448,0.952281437,0.065552351,59.98076438,20.58664633,14.58516546,2008.2.1.20,2008.2.1.20,4.2402,38.40423333
201,1,2,20,0-20cm,Borena,Lower Kolla,5,7.69,37,10.382,icr115885,0.937209142,0.068388787,0.949869464,0.067841198,27.47301371,86.6359265,39.9210055,201.1.2.20,201.1.2.20,5.128166667,37.17303333
2010,1,2,20,0-20cm,Borena,Upper Kolla,4,14.564,38,24.488,icr116590,1.223649625,0.086382226,1.439432959,0.088984659,59.14666929,15.35470146,16.57073241,2010.1.2.20,2010.1.2.20,4.242733333,38.40813333
2011,2,1,20,0-20cm,Borena,Upper Kolla,4,14.456,38,24.248,icr116592,1.060000361,0.083339856,1.074292278,0.087080387,61.12672086,13.34605703,15.27526189,2011.2.1.20,2011.2.1.20,4.240933333,38.40413333
2012,2,1,20,0-20cm,Borena,Upper Kolla,4,14.42,38,24.27,icr116594,1.25795268,0.100261069,1.263278888,0.104895301,62.90673638,10.91659392,15.4857144,2012.2.1.20,2012.2.1.20,4.240333333,38.4045
202,1,2,20,0-20cm,Borena,Lower Kolla,5,7.76,37,10.295,icr115887,1.147006633,0.081774042,1.161875392,0.081666075,37.904214,54.51883625,29.14147243,202.1.2.20,202.1.2.20,5.129333333,37.17158333
203,1,2,20,0-20cm,Borena,Lower Kolla,5,7.923,39,71.312,icr115889,1.102792788,0.080203366,1.115592997,0.080969744,37.17022693,55.67895067,31.95617376,203.1.2.20,203.1.2.20,5.13205,40.18853333
204,1,2,20,0-20cm,Borena,Lower Kolla,5,8.241,37,23.698,icr115891,1.110511589,0.082216185,1.148299983,0.083142214,29.92585736,54.2574842,41.23610484,204.1.2.20,204.1.2.20,5.13735,37.39496667
205,1,2,20,0-20cm,Borena,Lower Kolla,5,7.997,37,10.865,icr115893,0.643046372,0.04768823,0.66517553,0.048023576,25.23107289,95.72927662,43.16278007,205.1.2.20,205.1.2.20,5.133283333,37.18108333
207,1,2,20,0-20cm,Borena,Lower Kolla,5,7.264,37,10.406,icr115897,1.042708098,0.077272623,1.077361924,0.078048787,36.18928823,53.18447471,32.27468257,207.1.2.20,207.1.2.20,5.121066667,37.17343333
208,1,2,20,0-20cm,Borena,Lower Kolla,5,7.1,37,10.467,icr115899,1.153832177,0.086935804,1.184521303,0.086308255,27.61317148,67.86563234,46.65595648,208.1.2.20,208.1.2.20,5.118333333,37.17445
209,1,2,20,0-20cm,Borena,Lower Kolla,5,7.427,37,10.35,icr115901,1.125277315,0.084223463,1.162466825,0.084106732,29.36175129,71.5909974,44.21894108,209.1.2.20,209.1.2.20,5.123783333,37.1725
210,1,2,20,0-20cm,Borena,Lower Kolla,5,7.171,37,10.439,icr115903,1.218439049,0.09013594,1.249413148,0.090973773,36.60214355,45.73155856,32.52155144,210.1.2.20,210.1.2.20,5.119516667,37.17398333
2101,1,2,20,0-20cm,Borena,Weyna Dega,5,49.632,38,14.317,icr116597,3.363989899,0.279519026,3.462131347,0.30398822,76.94556128,4.185446798,15.23652843,2101.1.2.20,2101.1.2.20,5.8272,38.23861667
2101,1,3,20,0-20cm,Borena,Weyna Dega,5,49.663,38,14.382,icr116599,4.04135034,0.329946534,4.155242891,0.358003522,75.25707061,4.533772715,17.77084912,2101.1.3.20,2101.1.3.20,5.827716667,38.2397
2102,2,1,20,0-20cm,Borena,Weyna Dega,5,49.531,38,15.08,icr116604,3.386295763,0.273149921,3.496050326,0.294539165,80.79378925,4.455015497,14.75577606,2102.2.1.20,2102.2.1.20,5.825516667,38.25133333
2103,1,2,20,0-20cm,Borena,Weyna Dega,5,49.716,38,15.026,icr116606,4.075249943,0.330002258,4.21713394,0.360028084,76.65490198,4.12136877,17.44737632,2103.1.2.20,2103.1.2.20,5.8286,38.25043333
2103,2,1,20,0-20cm,Borena,Weyna Dega,5,49.71,38,15.035,icr116608,3.238188361,0.263856997,3.410600113,0.284981475,73.91103566,4.505416811,16.10693577,2103.2.1.20,2103.2.1.20,5.8285,38.25058333
2104,1,2,20,0-20cm,Borena,Weyna Dega,5,49.594,38,15.134,icr116610,4.374177002,0.35605766,4.499340454,0.385531035,74.64088962,4.523536104,18.61575473,2104.1.2.20,2104.1.2.20,5.826566667,38.25223333
2104,1,3,20,0-20cm,Borena,Weyna Dega,5,49.578,38,15.092,icr116613,3.451146132,0.281463093,3.583095223,0.304658275,77.14974077,4.426310044,15.79624176,2104.1.3.20,2104.1.3.20,5.8263,38.25153333
2105,1,2,20,0-20cm,Borena,Weyna Dega,5,49.511,38,14.674,icr116615,3.881071014,0.319763157,3.988756537,0.347618187,77.51364379,4.054448501,15.72981022,2105.1.2.20,2105.1.2.20,5.825183333,38.24456667
2106,2,1,20,0-20cm,Borena,Weyna Dega,5,48.838,38,14.58,icr116618,3.247505046,0.268214987,3.347025506,0.290787446,76.68611614,4.114127978,14.46870265,2106.2.1.20,2106.2.1.20,5.813966667,38.243
2106,3,3,20,0-20cm,Borena,Weyna Dega,5,48.821,38,14.705,icr116620,3.522688533,0.288278669,3.634110573,0.312741647,74.67075371,4.693978332,17.7327769,2106.3.3.20,2106.3.3.20,5.813683333,38.24508333
2108,1,2,20,0-20cm,Borena,Weyna Dega,5,49.265,38,14.83,icr116625,3.386039113,0.278961284,3.588981486,0.302500872,70.52845316,4.930286819,17.982855,2108.1.2.20,2108.1.2.20,5.821083333,38.24716667
2108,1,3,20,0-20cm,Borena,Weyna Dega,5,49.278,38,14.82,icr116627,3.548366622,0.285918979,3.761781267,0.308430353,68.19741169,5.210835315,19.3706817,2108.1.3.20,2108.1.3.20,5.8213,38.247
2109,1,2,20,0-20cm,Borena,Weyna Dega,5,48.505,38,14.11,icr116629,3.571853944,0.291573445,3.706382429,0.315958822,72.4370472,4.850160942,18.18310618,2109.1.2.20,2109.1.2.20,5.808416667,38.23516667
211,1,2,20,0-20cm,Borena,Lower Kolla,5,7.433,37,9.869,icr115905,1.850929855,0.135712343,1.9002599,0.137647645,36.89953712,39.48760965,40.75652137,211.1.2.20,211.1.2.20,5.123883333,37.16448333
2110,1,3,20,0-20cm,Borena,Weyna Dega,5,48.141,38,13.76,icr116633,4.117256994,0.323016707,4.290822114,0.346322405,72.83468283,4.443850083,17.81620309,2110.1.3.20,2110.1.3.20,5.80235,38.22933333
2111,2,3,20,0-20cm,Borena,Weyna Dega,5,49.798,38,14.758,icr116641,3.246222549,0.263315571,3.475876253,0.284261816,74.91089161,4.611938509,14.50347302,2111.2.3.20,2111.2.3.20,5.829966667,38.24596667
2112,1,4,20,0-20cm,Borena,Weyna Dega,5,49.718,38,14.064,icr116644,3.82811125,0.2981089,3.991721968,0.319915127,73.3108578,4.858060064,17.89139519,2112.1.4.20,2112.1.4.20,5.828633333,38.2344
2112,1,7,20,0-20cm,Borena,Weyna Dega,5,49.755,38,14.11,icr116646,3.836874403,0.316374685,3.959775469,0.3428716,76.20253666,3.931598913,14.11154315,2112.1.7.20,2112.1.7.20,5.82925,38.23516667
212,1,2,20,0-20cm,Borena,Lower Kolla,5,7.275,37,10.121,icr115907,1.059914365,0.079073093,1.078530593,0.078274347,31.14814599,61.57938307,36.78426973,212.1.2.20,212.1.2.20,5.12125,37.16868333
2201,2,1,20,0-20cm,Borena,Weyna Dega,5,42.149,38,21.543,icr116648,2.731769084,0.224802849,2.860919878,0.242713168,74.43252818,4.141912883,13.85204927,2201.2.1.20,2201.2.1.20,5.702483333,38.35905
2202,2,1,20,0-20cm,Borena,Weyna Dega,5,43.299,38,21.799,icr116650,2.792092923,0.232171768,2.910407948,0.251356372,74.40929721,4.141222229,14.24580995,2202.2.1.20,2202.2.1.20,5.72165,38.36331667
2203,2,1,20,0-20cm,Borena,Weyna Dega,5,43.082,38,21.813,icr116652,3.084929093,0.252190247,3.208251618,0.274116682,75.55994276,4.246788758,14.80402052,2203.2.1.20,2203.2.1.20,5.718033333,38.36355
2205,1,2,20,0-20cm,Borena,Weyna Dega,5,42.857,38,21.525,icr116655,3.518172051,0.281543014,3.645621796,0.307414071,73.20225397,4.441006659,17.09223435,2205.1.2.20,2205.1.2.20,5.714283333,38.35875
2207,1,2,20,0-20cm,Borena,Weyna Dega,5,41.234,38,19.875,icr116659,4.614059433,0.361680337,4.81238442,0.390617443,72.63403746,5.736148079,22.26774068,2207.1.2.20,2207.1.2.20,5.687233333,38.33125
2207,1,3,20,0-20cm,Borena,Weyna Dega,5,41.436,38,20.453,icr116661,3.688353131,0.292611013,3.804475446,0.314103818,73.47501624,5.600458672,18.65163676,2207.1.3.20,2207.1.3.20,5.6906,38.34088333
2208,1,2,20,0-20cm,Borena,Weyna Dega,5,42.954,38,21.183,icr116663,3.454661832,0.276209405,3.553061677,0.299268064,76.35840947,4.69434173,15.16312016,2208.1.2.20,2208.1.2.20,5.7159,38.35305
2208,2,1,20,0-20cm,Borena,Weyna Dega,5,43.028,38,21.247,icr116665,4.159189937,0.327291103,4.39156149,0.351934849,71.26605979,6.036010117,21.53774137,2208.2.1.20,2208.2.1.20,5.717133333,38.35411667
2209,1,2,20,0-20cm,Borena,Weyna Dega,5,43.12,38,20.981,icr116667,3.176764693,0.254380302,3.271683244,0.274713316,73.73843139,5.458824686,16.1913641,2209.1.2.20,2209.1.2.20,5.718666667,38.34968333
2209,1,3,20,0-20cm,Borena,Weyna Dega,5,43.112,38,20.971,icr116669,4.534333399,0.356278672,4.742998057,0.383315719,72.95264515,5.26743516,19.78066153,2209.1.3.20,2209.1.3.20,5.718533333,38.34951667
2210,1,2,20,0-20cm,Borena,Weyna Dega,5,42.062,38,21.542,icr116671,2.750201442,0.219305158,2.847795669,0.235368201,76.37459854,5.04094048,13.92902745,2210.1.2.20,2210.1.2.20,5.701033333,38.35903333
2211,1,2,20,0-20cm,Borena,Weyna Dega,5,43.152,38,20.957,icr116673,2.561314027,0.205541104,2.655759657,0.221045709,76.5150909,5.117448192,13.89470632,2211.1.2.20,2211.1.2.20,5.7192,38.34928333
2212,1,2,20,0-20cm,Borena,Weyna Dega,5,42.685,38,20.818,icr116675,2.742532437,0.219012068,2.847206957,0.23528114,75.75308336,5.40453252,15.01149365,2212.1.2.20,2212.1.2.20,5.711416667,38.34696667
2301,1,3,20,0-20cm,Borena,Weyna Dega,5,45.059,38,16.325,icr116678,3.73216204,0.303379627,3.788717147,0.329246906,80.65627281,3.78981824,14.41025508,2301.1.3.20,2301.1.3.20,5.750983333,38.27208333
2301,2,1,20,0-20cm,Borena,Weyna Dega,5,45.027,38,16.328,icr116680,3.711680982,0.303053466,3.798686686,0.328783498,74.11645232,4.588356898,17.97449589,2301.2.1.20,2301.2.1.20,5.75045,38.27213333
2302,1,3,20,0-20cm,Borena,Weyna Dega,5,45.13,38,15.996,icr116682,3.781890215,0.318323318,3.769745134,0.346364791,79.89264727,3.404997515,15.27916989,2302.1.3.20,2302.1.3.20,5.752166667,38.2666
2302,1,4,20,0-20cm,Borena,Weyna Dega,5,45.126,38,16.04,icr116685,3.645748308,0.307627814,3.649539261,0.334910718,81.55607262,3.475068896,15.18804333,2302.1.4.20,2302.1.4.20,5.7521,38.26733333
2303,1,3,20,0-20cm,Borena,Weyna Dega,5,44.593,38,16.512,icr116688,4.122357685,0.337155456,4.158075148,0.364662813,76.33035988,3.91456328,16.70048008,2303.1.3.20,2303.1.3.20,5.743216667,38.2752
2303,1,4,20,0-20cm,Borena,Weyna Dega,5,44.698,38,16.574,icr116690,4.333196933,0.344424105,4.513317356,0.371742777,69.3365194,5.129057947,20.96776556,2303.1.4.20,2303.1.4.20,5.744966667,38.27623333
2304,1,2,20,0-20cm,Borena,Weyna Dega,5,44.576,38,17.061,icr116692,3.766231262,0.31728345,3.806884847,0.345787142,76.97953545,3.965377412,17.19646498,2304.1.2.20,2304.1.2.20,5.742933333,38.28435
2304,1,3,20,0-20cm,Borena,Weyna Dega,5,44.59,38,17.07,icr116695,3.84963946,0.302762833,3.935212576,0.326322778,79.7151106,4.560983298,15.06126667,2304.1.3.20,2304.1.3.20,5.743166667,38.2845
2305,1,2,20,0-20cm,Borena,Weyna Dega,5,44.566,38,17.239,icr116697,2.96547166,0.236081661,3.106895987,0.253584804,70.20775588,5.583903645,18.30863688,2305.1.2.20,2305.1.2.20,5.742766667,38.28731667
2305,2,1,20,0-20cm,Borena,Weyna Dega,5,44.56,38,17.236,icr116699,3.763807197,0.302979507,3.817521948,0.325869099,76.08925508,4.78789089,18.57850138,2305.2.1.20,2305.2.1.20,5.742666667,38.28726667
2306,1,2,20,0-20cm,Borena,Weyna Dega,5,44.974,38,16.326,icr116702,3.915886083,0.316472274,4.062745838,0.343164581,74.35269853,4.675065167,20.42598678,2306.1.2.20,2306.1.2.20,5.749566667,38.2721
2306,1,3,20,0-20cm,Borena,Weyna Dega,5,44.976,38,16.337,icr116704,3.53293685,0.288716509,3.634680354,0.313809164,77.80334447,3.697774898,15.15608598,2306.1.3.20,2306.1.3.20,5.7496,38.27228333
2307,1,2,20,0-20cm,Borena,Weyna Dega,5,44.281,38,17.854,icr116706,3.232594618,0.265626995,3.319127594,0.287864268,75.08975112,4.535134242,16.39282165,2307.1.2.20,2307.1.2.20,5.738016667,38.29756667
2308,1,2,20,0-20cm,Borena,Weyna Dega,5,44.334,38,16.919,icr116709,4.059464712,0.32190573,4.138844513,0.345917551,76.72207145,4.8537235,16.96956175,2308.1.2.20,2308.1.2.20,5.7389,38.28198333
2308,1,3,20,0-20cm,Borena,Weyna Dega,5,44.327,38,16.905,icr116711,3.522335264,0.299757398,3.542181588,0.327600647,80.74934213,3.321894909,14.35729424,2308.1.3.20,2308.1.3.20,5.738783333,38.28175
2309,1,2,20,0-20cm,Borena,Weyna Dega,5,44.013,38,17.364,icr116714,4.025785782,0.336279749,4.083561237,0.366508851,76.50650144,3.683260321,16.54522222,2309.1.2.20,2309.1.2.20,5.73355,38.2894
2310,2,1,20,0-20cm,Borena,Weyna Dega,5,44.411,38,17.542,icr116716,3.650380865,0.29285289,3.712647599,0.315280431,79.20950911,4.318813833,16.35276327,2310.2.1.20,2310.2.1.20,5.740183333,38.29236667
2310,2,2,20,0-20cm,Borena,Weyna Dega,5,44.415,38,17.555,icr116718,3.831891345,0.314773141,3.890920322,0.340104326,74.49818008,4.519887093,18.36762144,2310.2.2.20,2310.2.2.20,5.74025,38.29258333
2311,1,2,20,0-20cm,Borena,Weyna Dega,5,44.306,38,17.866,icr116720,3.474226529,0.288463506,3.629706724,0.312088462,67.69712991,5.176453107,19.04671195,2311.1.2.20,2311.1.2.20,5.738433333,38.29776667
2311,1,3,20,0-20cm,Borena,Weyna Dega,5,44.3,38,14.872,icr116722,2.664600822,0.223303284,2.813170938,0.240243556,71.72695544,4.466873583,13.90092816,2311.1.3.20,2311.1.3.20,5.738333333,38.24786667
2312,1,2,20,0-20cm,Borena,Weyna Dega,5,44.115,38,17.185,icr116725,2.730037164,0.217006531,2.833643889,0.232625777,74.81978134,5.683153447,15.20101577,2312.1.2.20,2312.1.2.20,5.73525,38.28641667
2312,1,3,20,0-20cm,Borena,Weyna Dega,5,44.113,38,17.181,icr116727,1.660064448,0.12338939,1.745398506,0.129708511,54.63916048,17.44559402,22.15007919,2312.1.3.20,2312.1.3.20,5.735216667,38.28635
2401,1,2,20,0-20cm,Borena,Weyna Dega,3,41.571,38,20.147,icr116729,3.703208614,0.295577588,3.794179194,0.320339056,70.27832135,6.729048987,23.70227961,2401.1.2.20,2401.1.2.20,3.69285,38.33578333
2401,2,1,20,0-20cm,Borena,Weyna Dega,5,41.494,38,20.279,icr116731,3.620632115,0.292992743,3.723400069,0.318203681,70.69999833,6.102807511,21.55351889,2401.2.1.20,2401.2.1.20,5.691566667,38.33798333
2402,1,2,20,0-20cm,Borena,Weyna Dega,5,41.42,38,20.58,icr116733,3.586627256,0.292285397,3.675602618,0.317688405,70.71002276,5.916088021,21.44360073,2402.1.2.20,2402.1.2.20,5.690333333,38.343
2402,2,1,20,0-20cm,Borena,Weyna Dega,5,41.666,38,20.557,icr116735,3.145237423,0.249962403,3.179233363,0.26923591,72.15563515,7.222725151,21.0142552,2402.2.1.20,2402.2.1.20,5.694433333,38.34261667
2403,1,2,20,0-20cm,Borena,Weyna Dega,5,41.352,38,20.569,icr116737,3.289789821,0.266288674,3.345589318,0.288761201,74.79661353,5.559808232,17.70739013,2403.1.2.20,2403.1.2.20,5.6892,38.34281667
2403,1,3,20,0-20cm,Borena,Weyna Dega,5,41.344,38,20.549,icr116739,3.300468422,0.270490916,3.38913006,0.293775106,72.6743562,5.701401364,19.46953095,2403.1.3.20,2403.1.3.20,5.689066667,38.34248333
2404,1,2,20,0-20cm,Borena,Weyna Dega,5,41.441,38,20.508,icr116741,1.750212654,0.144382068,1.870913083,0.156538862,77.64165961,3.562288107,9.987959421,2404.1.2.20,2404.1.2.20,5.690683333,38.3418
2404,3,1,20,0-20cm,Borena,Weyna Dega,5,41.189,38,20.435,icr116743,2.509633198,0.206363585,2.645730171,0.223666808,78.14442946,3.710329757,11.88606623,2404.3.1.20,2404.3.1.20,5.686483333,38.34058333
2405,2,1,20,0-20cm,Borena,Weyna Dega,5,40.893,38,19.694,icr116745,2.546776921,0.209163015,2.672315631,0.226046286,77.95657289,3.886700128,12.38824619,2405.2.1.20,2405.2.1.20,5.68155,38.32823333
2407,1,2,20,0-20cm,Borena,Weyna Dega,5,41.4,38,20.446,icr116749,3.916296593,0.307761962,4.09244284,0.331420313,69.98565778,5.835391618,21.73616882,2407.1.2.20,2407.1.2.20,5.69,38.34076667
2407,1,3,20,0-20cm,Borena,Weyna Dega,5,41.389,38,20.446,icr116751,3.416396779,0.269135134,3.548013038,0.288996006,71.38034044,5.750169215,19.71510546,2407.1.3.20,2407.1.3.20,5.689816667,38.34076667
2408,1,2,20,0-20cm,Borena,Weyna Dega,5,41.435,38,20.444,icr116753,3.634957671,0.284698615,3.786938803,0.305762123,71.75368464,5.662932399,19.97425193,2408.1.2.20,2408.1.2.20,5.690583333,38.34073333
2408,1,3,20,0-20cm,Borena,Weyna Dega,5,41.43,38,20.457,icr116755,4.235126928,0.329197912,4.410432118,0.352686161,72.88743612,6.030540884,20.53744787,2408.1.3.20,2408.1.3.20,5.6905,38.34095
2409,1,2,20,0-20cm,Borena,Weyna Dega,5,41.338,38,20.392,icr116757,3.959763359,0.304783968,4.102168955,0.326381737,76.26665968,5.598924873,17.7768021,2409.1.2.20,2409.1.2.20,5.688966667,38.33986667
2409,1,3,20,0-20cm,Borena,Weyna Dega,5,41.356,38,20.385,icr116759,3.459283549,0.269123042,3.57515683,0.288057524,77.00894989,5.503768772,15.85262686,2409.1.3.20,2409.1.3.20,5.689266667,38.33975
2410,1,2,20,0-20cm,Borena,Weyna Dega,5,41.195,38,20.179,icr116761,2.512876866,0.202309503,2.638287602,0.219752451,77.6533484,3.888146854,11.61364783,2410.1.2.20,2410.1.2.20,5.686583333,38.33631667
2410,2,1,20,0-20cm,Borena,Weyna Dega,5,41.16,38,19.667,icr116763,2.975094437,0.23572941,3.134043032,0.254948372,68.53583071,6.383529091,21.05429299,2410.2.1.20,2410.2.1.20,5.686,38.32778333
2411,1,2,20,0-20cm,Borena,Weyna Dega,5,41.511,38,20.41,icr116765,2.593241984,0.207646401,2.718192998,0.225379464,74.59152719,4.421744318,14.01069527,2411.1.2.20,2411.1.2.20,5.69185,38.34016667
2411,4,1,20,0-20cm,Borena,Weyna Dega,5,41.397,38,20.18,icr116767,3.558475285,0.283618072,3.711093242,0.307342287,73.25988102,4.764715405,17.66936763,2411.4.1.20,2411.4.1.20,5.68995,38.33633333
2412,3,1,20,0-20cm,Borena,Weyna Dega,5,41.236,38,19.772,icr116769,3.498833816,0.275817449,3.626663166,0.297984804,74.2358456,4.779795679,17.04783653,2412.3.1.20,2412.3.1.20,5.687266667,38.32953333
2412,7,1,20,0-20cm,Borena,Weyna Dega,5,41.278,38,19.826,icr116771,3.255823459,0.253395979,3.596168335,0.274095531,70.1857335,5.876983534,20.03392265,2412.7.1.20,2412.7.1.20,5.687966667,38.33043333
2501,1,2,20,0-20cm,Borena,Weyna Dega,5,38.781,38,21.712,icr116773,3.95063265,0.309456184,4.107269389,0.335292696,73.65848928,4.45166608,18.06311344,2501.1.2.20,2501.1.2.20,5.64635,38.36186667
2502,1,2,20,0-20cm,Borena,Weyna Dega,5,38.778,38,22.027,icr116775,3.327575822,0.260721212,3.472355216,0.281638987,74.43280105,4.463929234,16.11066824,2502.1.2.20,2502.1.2.20,5.6463,38.36711667
2503,2,2,20,0-20cm,Borena,Weyna Dega,5,33.443,38,23.709,icr116777,3.844691466,0.298656996,4.014778508,0.323999585,74.01460208,4.518429054,17.9359272,2503.2.2.20,2503.2.2.20,5.557383333,38.39515
2504,1,1,20,0-20cm,Borena,Weyna Dega,5,39.434,38,22.391,icr116779,3.008915906,0.22599127,3.115983039,0.239995747,63.68988665,9.804800173,20.9744007,2504.1.1.20,2504.1.1.20,5.657233333,38.37318333
2504,2,2,20,0-20cm,Borena,Weyna Dega,5,39.024,38,22.383,icr116780,2.690016729,0.211426405,2.787266913,0.225835184,66.4543078,7.487857517,18.3219039,2504.2.2.20,2504.2.2.20,5.6504,38.37305
2505,1,3,20,0-20cm,Borena,Weyna Dega,5,38.882,38,22.41,icr116782,3.182321388,0.245973778,3.283976208,0.263299894,71.06190371,6.197973909,17.42775146,2505.1.3.20,2505.1.3.20,5.648033333,38.3735
2505,3,1,20,0-20cm,Borena,Weyna Dega,5,38.895,38,28.53,icr116784,3.344454704,0.26024124,3.416862442,0.276363004,66.64273174,7.691039777,20.28875576,2505.3.1.20,2505.3.1.20,5.64825,38.4755
2506,1,3,20,0-20cm,Borena,Weyna Dega,5,38.743,38,22.211,icr116786,3.078362096,0.240107269,3.214147452,0.259823184,73.29025627,4.832356517,15.1272634,2506.1.3.20,2506.1.3.20,5.645716667,38.37018333
2506,2,1,20,0-20cm,Borena,Weyna Dega,5,38.694,38,22.176,icr116788,3.769246428,0.295731008,3.856018891,0.316913461,67.61849219,6.569153232,21.29215964,2506.2.1.20,2506.2.1.20,5.6449,38.3696
2507,1,2,20,0-20cm,Borena,Weyna Dega,5,38.467,38,21.938,icr116790,2.948484117,0.234506384,3.043712807,0.25159163,68.79020107,6.162067395,17.16126944,2507.1.2.20,2507.1.2.20,5.641116667,38.36563333
2508,1,2,20,0-20cm,Borena,Weyna Dega,5,38.148,38,22.074,icr116792,2.952956559,0.227000075,3.101500153,0.242991915,66.46898719,7.587890619,18.48657994,2508.1.2.20,2508.1.2.20,5.6358,38.3679
2509,2,1,20,0-20cm,Borena,Weyna Dega,5,40.302,38,19.661,icr116794,2.949736896,0.22828698,3.074940527,0.244908206,67.41672148,7.043304851,18.07362791,2509.2.1.20,2509.2.1.20,5.6717,38.32768333
2509,3,1,20,0-20cm,Borena,Weyna Dega,5,40.221,38,19.654,icr116796,2.626676704,0.203790814,2.706156513,0.217281465,66.78430425,7.759308049,17.37709032,2509.3.1.20,2509.3.1.20,5.67035,38.32756667
2510,3,1,20,0-20cm,Borena,Weyna Dega,5,38.473,38,21.018,icr116798,4.472539848,0.336839733,4.673475879,0.364175526,73.57063154,4.927253801,18.74901376,2510.3.1.20,2510.3.1.20,5.641216667,38.3503
2510,3,2,20,0-20cm,Borena,Weyna Dega,5,38.47,38,21.002,icr116800,4.039164122,0.304984219,4.205102542,0.330360633,76.52386945,4.424091685,16.53265032,2510.3.2.20,2510.3.2.20,5.641166667,38.35003333
2511,1,6,20,0-20cm,Borena,Weyna Dega,5,38.668,38,21.479,icr116802,4.750256277,0.358447714,4.9845747,0.386973402,70.01554337,5.402214387,23.02919457,2511.1.6.20,2511.1.6.20,5.644466667,38.35798333
2511,3,1,20,0-20cm,Borena,Weyna Dega,5,38.622,38,21.292,icr116804,4.944897396,0.372679449,5.225639629,0.402539983,73.77787043,4.595939071,19.49233401,2511.3.1.20,2511.3.1.20,5.6437,38.35486667
2512,1,3,20,0-20cm,Borena,Weyna Dega,5,38.361,38,2.971,icr116806,4.937069571,0.378623073,5.143350657,0.410271604,70.23181306,5.417893034,23.08590316,2512.1.3.20,2512.1.3.20,5.63935,38.04951667
2512,1,4,20,0-20cm,Borena,Weyna Dega,5,38.358,38,21.951,icr116808,4.455009147,0.346084654,4.604934831,0.37498576,71.90777131,4.679950099,19.57159898,2512.1.4.20,2512.1.4.20,5.6393,38.36585
2601,1,2,20,0-20cm,Borena,Weyna Dega,5,36.453,38,17.748,icr116810,2.508389301,0.193812052,2.578844166,0.204226326,57.55759367,10.54691258,19.60162071,2601.1.2.20,2601.1.2.20,5.60755,38.2958
2601,1,3,20,0-20cm,Borena,Weyna Dega,5,36.453,38,17.75,icr116812,3.472413576,0.269011369,3.565187967,0.284618083,58.66060274,10.11235125,25.06334799,2601.1.3.20,2601.1.3.20,5.60755,38.29583333
2602,1,2,20,0-20cm,Borena,Weyna Dega,5,36.447,38,17.757,icr116814,2.25922265,0.177604828,2.340150442,0.184472581,54.09890637,10.7700531,18.5067135,2602.1.2.20,2602.1.2.20,5.60745,38.29595
2602,2,1,20,0-20cm,Borena,Weyna Dega,5,36.436,38,17.748,icr116816,2.980529583,0.219711948,3.070123671,0.233018278,62.60318118,11.25764938,21.72738554,2602.2.1.20,2602.2.1.20,5.607266667,38.2958
2603,1,2,20,0-20cm,Borena,Weyna Dega,5,36.469,38,17.873,icr116818,3.809727503,0.298591192,3.937568481,0.312698506,56.97558169,9.588729933,22.43155605,2603.1.2.20,2603.1.2.20,5.607816667,38.29788333
2605,1,2,20,0-20cm,Borena,Weyna Dega,5,36.294,38,18.397,icr116822,4.916236887,0.379418303,4.968843178,0.39766744,55.51712648,10.15237598,33.00020146,2605.1.2.20,2605.1.2.20,5.6049,38.30661667
2605,1,3,20,0-20cm,Borena,Weyna Dega,5,36.281,38,18.401,icr116824,4.958260029,0.372417507,5.175103548,0.392002779,53.90100098,11.95298983,36.86937282,2605.1.3.20,2605.1.3.20,5.604683333,38.30668333
2606,1,2,20,0-20cm,Borena,Weyna Dega,5,36.031,38,18.552,icr116826,3.259731909,0.250677626,3.305427583,0.262113495,50.03489986,12.66989305,29.02327857,2606.1.2.20,2606.1.2.20,5.600516667,38.3092
2606,1,3,20,0-20cm,Borena,Weyna Dega,5,36.038,38,18.543,icr116828,3.529014365,0.2684785,3.604445665,0.279616065,47.75431512,14.68423086,33.49265054,2606.1.3.20,2606.1.3.20,5.600633333,38.30905
2607,1,10,20,0-20cm,Borena,Weyna Dega,5,36.08,38,18.147,icr116832,4.207823052,0.332924701,4.319282356,0.348861596,55.04743965,9.494781603,27.31049358,2607.1.10.20,2607.1.10.20,5.601333333,38.30245
2607,1,2,20,0-20cm,Borena,Weyna Dega,5,36.085,38,18.18,icr116830,4.149959577,0.328891654,4.230484306,0.344911321,57.46071636,8.607904725,23.82988192,2607.1.2.20,2607.1.2.20,5.601416667,38.303
2608,1,3,20,0-20cm,Borena,Weyna Dega,5,35.94,38,18.156,icr116834,3.315416687,0.26205825,3.365184753,0.274566702,50.92434751,10.6886192,27.69099958,2608.1.3.20,2608.1.3.20,5.599,38.3026
2608,1,4,20,0-20cm,Borena,Weyna Dega,5,35.944,38,18.179,icr116836,3.351723526,0.274800715,3.397679459,0.28250531,51.30088097,9.223609819,24.91021303,2608.1.4.20,2608.1.4.20,5.599066667,38.30298333
2609,2,1,20,0-20cm,Borena,Weyna Dega,5,35.653,38,18.445,icr116838,4.146256585,0.326659315,4.248087301,0.340621579,51.7956169,10.08656039,31.39601837,2609.2.1.20,2609.2.1.20,5.594216667,38.30741667
2609,2,2,20,0-20cm,Borena,Weyna Dega,5,35.664,38,18.453,icr116840,4.346378969,0.345054807,4.566403641,0.35805935,47.77666816,10.73179823,37.07051072,2609.2.2.20,2609.2.2.20,5.5944,38.30755
2610,2,1,20,0-20cm,Borena,Weyna Dega,5,35.689,38,18.186,icr116842,4.771402497,0.382568141,4.95976251,0.408638948,66.57793308,6.038084137,22.35383962,2610.2.1.20,2610.2.1.20,5.594816667,38.3031
2611,2,1,20,0-20cm,Borena,Weyna Dega,5,35.63,38,17.96,icr116843,4.484731427,0.353148366,4.664552616,0.382725012,65.6942458,6.103405724,25.53803757,2611.2.1.20,2611.2.1.20,5.593833333,38.29933333
2611,2,2,20,0-20cm,Borena,Weyna Dega,5,35.623,38,17.937,icr116845,3.042876537,0.243158314,3.194587086,0.263327318,66.58037209,5.720920619,19.87631056,2611.2.2.20,2611.2.2.20,5.593716667,38.29895
2612,2,1,20,0-20cm,Borena,Weyna Dega,5,36.016,38,17.973,icr116847,3.866230511,0.308739915,3.960555136,0.32207787,56.64121952,8.993032827,24.18485613,2612.2.1.20,2612.2.1.20,5.600266667,38.29955
2612,2,2,20,0-20cm,Borena,Weyna Dega,5,36.018,38,17.003,icr116849,3.774502588,0.290151723,3.895907526,0.304752176,53.88399096,11.08062046,27.72733956,2612.2.2.20,2612.2.2.20,5.6003,38.28338333
2701,1,2,20,0-20cm,Borena,Weyna Dega,5,33.523,38,21.625,icr116851,2.622378486,0.188333007,2.635177834,0.199365099,71.24823717,14.08508579,21.68678774,2701.1.2.20,2701.1.2.20,5.558716667,38.36041667
2701,1,3,20,0-20cm,Borena,Weyna Dega,5,33.544,38,21.604,icr116853,2.891976114,0.212738179,2.913998322,0.22533082,70.85227224,12.04625582,21.63785175,2701.1.3.20,2701.1.3.20,5.559066667,38.36006667
2702,1,2,20,0-20cm,Borena,Weyna Dega,5,33.556,38,21.599,icr116855,2.666472062,0.193617496,2.646649625,0.204978752,71.9681453,13.4291321,21.6930147,2702.1.2.20,2702.1.2.20,5.559266667,38.35998333
2702,1,3,20,0-20cm,Borena,Weyna Dega,5,33.572,38,21.573,icr116857,2.217883553,0.160551534,2.213889553,0.170633958,71.78597818,14.95500861,21.40031372,2702.1.3.20,2702.1.3.20,5.559533333,38.35955
2703,1,2,20,0-20cm,Borena,Weyna Dega,5,33.242,38,21.547,icr116858,2.756544942,0.203855142,2.729804866,0.216483492,71.98512626,12.25255527,22.28440594,2703.1.2.20,2703.1.2.20,5.554033333,38.35911667
2703,1,3,20,0-20cm,Borena,Weyna Dega,5,33.26,38,21.566,icr116860,2.426725648,0.17696066,2.392328374,0.187927469,70.51923869,14.11567869,22.27130401,2703.1.3.20,2703.1.3.20,5.554333333,38.35943333
2704,1,2,20,0-20cm,Borena,Weyna Dega,5,33.158,38,22.582,icr116862,2.341676298,0.171471836,2.332409705,0.181572269,64.73451313,17.22899192,22.10094858,2704.1.2.20,2704.1.2.20,5.552633333,38.37636667
2704,1,3,20,0-20cm,Borena,Weyna Dega,5,33.155,38,21.593,icr116864,2.4082655,0.179457456,2.44313443,0.189544089,61.69692619,17.01523635,23.1340977,2704.1.3.20,2704.1.3.20,5.552583333,38.35988333
2705,1,2,20,0-20cm,Borena,Weyna Dega,5,33.074,38,27.62,icr116866,3.375413479,0.253471041,3.42291113,0.266391167,56.71892651,17.72492536,31.12745277,2705.1.2.20,2705.1.2.20,5.551233333,38.46033333
2706,2,1,20,0-20cm,Borena,Weyna Dega,5,32.97,38,21.67,icr116868,2.30754022,0.173048193,2.33731323,0.181507115,59.84019969,18.34562371,22.924385,2706.2.1.20,2706.2.1.20,5.5495,38.36116667
2707,2,1,20,0-20cm,Borena,Weyna Dega,5,33.304,38,21.555,icr116870,2.237177873,0.173964321,2.261991969,0.182811891,64.31899119,11.31171043,17.65953283,2707.2.1.20,2707.2.1.20,5.555066667,38.35925
2708,2,1,20,0-20cm,Borena,Weyna Dega,5,33.302,38,21.527,icr116872,3.091831477,0.238458525,3.110321728,0.251560868,65.26957001,11.7612593,22.01644082,2708.2.1.20,2708.2.1.20,5.555033333,38.35878333
2708,3,1,20,0-20cm,Borena,Weyna Dega,5,33.299,38,21.547,icr116874,1.505036627,0.110728598,1.505990777,0.116617544,63.46089411,20.78414228,19.98732159,2708.3.1.20,2708.3.1.20,5.554983333,38.35911667
2709,1,4,20,0-20cm,Borena,Weyna Dega,5,33.147,38,21.724,icr116877,2.385914611,0.174968367,2.393851771,0.185218601,61.39883176,19.3600972,26.00239262,2709.1.4.20,2709.1.4.20,5.55245,38.36206667
2710,2,1,20,0-20cm,Borena,Weyna Dega,5,33.185,38,21.568,icr116879,2.152219631,0.159304016,2.179180022,0.167738921,64.58464861,15.72939367,19.67022102,2710.2.1.20,2710.2.1.20,5.553083333,38.35946667
2710,3,1,20,0-20cm,Borena,Weyna Dega,5,33.201,38,21.569,icr116881,1.981724755,0.149291786,2.013232884,0.157327167,61.19735841,16.64344137,20.45516226,2710.3.1.20,2710.3.1.20,5.55335,38.35948333
2711,3,1,20,0-20cm,Borena,Weyna Dega,5,33.192,38,21.546,icr116883,2.554790844,0.194153426,2.579617818,0.20585591,63.2161155,15.0291862,24.01204509,2711.3.1.20,2711.3.1.20,5.5532,38.3591
2712,2,1,20,0-20cm,Borena,Weyna Dega,5,33.182,38,21.565,icr116885,2.758327206,0.208486618,2.828885155,0.221037491,67.95455091,11.33887401,19.66100191,2712.2.1.20,2712.2.1.20,5.553033333,38.35941667
2901,1,2,20,0-20cm,Borena,Weyna Dega,4,30.584,38,39.377,icr116887,0.987624262,0.068929243,1.050556225,0.071255813,56.41416862,22.69458956,16.49040491,2901.1.2.20,2901.1.2.20,4.509733333,38.65628333
2902,2,1,20,0-20cm,Borena,Weyna Dega,4,30.607,38,39.333,icr116889,1.350291893,0.102312645,1.38318254,0.105700983,61.84362249,12.24920833,14.99032614,2902.2.1.20,2902.2.1.20,4.510116667,38.65555
2903,1,2,20,0-20cm,Borena,Weyna Dega,4,30.253,38,39.504,icr116891,1.119752486,0.078663133,1.186804224,0.080927134,54.49669928,18.63952256,16.39356618,2903.1.2.20,2903.1.2.20,4.504216667,38.6584
2903,1,3,20,0-20cm,Borena,Weyna Dega,4,30.274,38,39.47,icr116893,1.12793659,0.078458358,1.201670256,0.080736599,56.11175316,19.97131541,16.80733311,2903.1.3.20,2903.1.3.20,4.504566667,38.65783333
2904,1,2,20,0-20cm,Borena,Weyna Dega,4,29.839,38,39.683,icr116895,0.884183422,0.059456627,0.98770175,0.060748963,49.92375872,28.3652785,17.15507602,2904.1.2.20,2904.1.2.20,4.497316667,38.66138333
2905,1,2,20,0-20cm,Borena,Weyna Dega,4,29.854,38,39.641,icr116897,0.961306858,0.064555966,1.06840104,0.066036048,51.61465183,27.71540468,17.48679143,2905.1.2.20,2905.1.2.20,4.497566667,38.66068333
2906,2,1,20,0-20cm,Borena,Weyna Dega,4,29.939,38,39.123,icr116899,0.960728052,0.063842996,1.082924178,0.065227945,50.65777203,30.12753635,17.87225545,2906.2.1.20,2906.2.1.20,4.498983333,38.65205
2907,2,1,20,0-20cm,Borena,Weyna Dega,4,29.528,38,39.375,icr116901,1.101483128,0.075650861,1.228049695,0.07828551,55.36241343,18.24481107,15.20164026,2907.2.1.20,2907.2.1.20,4.492133333,38.65625
2909,2,1,20,0-20cm,Borena,Weyna Dega,4,30.478,38,39.407,icr116905,1.505906039,0.116942717,1.5146953,0.120808506,65.74240265,9.862132274,14.43548579,2909.2.1.20,2909.2.1.20,4.507966667,38.65678333
2909,2,2,20,0-20cm,Borena,Weyna Dega,4,30.491,38,39.403,icr116907,1.351933698,0.106296984,1.372823334,0.110533811,61.35791509,11.13208747,16.06922563,2909.2.2.20,2909.2.2.20,4.508183333,38.65671667
2910,2,2,20,0-20cm,Borena,Weyna Dega,4,29.72,38,38.881,icr116909,1.457911533,0.091906725,1.753801423,0.093692076,55.58866471,15.93687419,14.40651371,2910.2.2.20,2910.2.2.20,4.495333333,38.64801667
2910,3,1,20,0-20cm,Borena,Weyna Dega,4,29.722,38,38.878,icr116911,1.292527115,0.080261451,1.565459149,0.081937393,52.6750209,17.66821899,14.7143274,2910.3.1.20,2910.3.1.20,4.495366667,38.64796667
2911,1,2,20,0-20cm,Borena,Weyna Dega,4,29.86,38,39.398,icr116913,1.301042804,0.091014164,1.39095236,0.09344579,55.91077499,15.67313486,16.25687933,2911.1.2.20,2911.1.2.20,4.497666667,38.65663333
2911,2,3,20,0-20cm,Borena,Weyna Dega,4,30.91,38,38.905,icr116915,1.308406938,0.098837324,1.349355971,0.102353942,59.84699171,12.64257145,15.07752855,2911.2.3.20,2911.2.3.20,4.515166667,38.64841667
2912,1,2,20,0-20cm,Borena,Weyna Dega,4,30.356,38,39.289,icr116917,1.225990014,0.086704422,1.32362622,0.089257955,54.3996086,16.00415821,16.78683544,2912.1.2.20,2912.1.2.20,4.505933333,38.65481667
301,2,1,20,0-20cm,Borena,Upper Kolla,5,8.1,37,22.89,icr115909,2.651033566,0.181623071,3.148932354,0.190546512,59.47509198,9.113844267,19.8900371,301.2.1.20,301.2.1.20,5.135,37.3815
302,1,2,20,0-20cm,Borena,Upper Kolla,5,8.61,37,23.4,icr115911,3.461076755,0.232359636,4.429326748,0.240548772,45.17047799,15.46357877,38.05332778,302.1.2.20,302.1.2.20,5.1435,37.39
303,1,2,20,0-20cm,Borena,Upper Kolla,5,8.778,37,23.47,icr115913,3.434552547,0.255503549,3.876581041,0.270563312,56.79848273,7.317619511,24.41924424,303.1.2.20,303.1.2.20,5.1463,37.39116667
304,1,2,20,0-20cm,Borena,Upper Kolla,5,8.768,37,23.544,icr115915,4.535389277,0.319173157,5.39203868,0.335405847,54.52646276,8.920110583,32.34525525,304.1.2.20,304.1.2.20,5.146133333,37.3924
305,1,2,20,0-20cm,Borena,Upper Kolla,5,8.711,37,23.476,icr115917,4.402511486,0.305426952,5.686722748,0.315654581,49.30834016,11.54382251,40.75178379,305.1.2.20,305.1.2.20,5.145183333,37.39126667
306,1,2,20,0-20cm,Borena,Upper Kolla,5,8.658,37,23.493,icr115919,1.360226026,0.084730469,1.905363679,0.087083432,47.16291065,18.22783241,22.73092379,306.1.2.20,306.1.2.20,5.1443,37.39155
307,1,2,20,0-20cm,Borena,Upper Kolla,5,8.275,37,23.62,icr115921,2.616296409,0.193000014,2.9125685,0.204578983,58.54036973,7.089810098,19.62115918,307.1.2.20,307.1.2.20,5.137916667,37.39366667
309,1,2,20,0-20cm,Borena,Upper Kolla,5,8.19,37,23.732,icr115925,2.910062124,0.219618593,3.235898159,0.233271594,62.85665546,6.758895295,19.53131032,309.1.2.20,309.1.2.20,5.1365,37.39553333
401,1,2,20,0-20cm,Borena,Upper Kolla,3,36.736,39,1.094,icr115932,0.597374243,0.041684151,0.642743825,0.043365527,55.16630694,36.92630782,14.66504807,401.1.2.20,401.1.2.20,3.612266667,39.01823333
402,1,2,20,0-20cm,Borena,Upper Kolla,3,36.884,39,1.056,icr115934,0.698556422,0.04845191,0.729087859,0.050658301,62.25824744,31.0309949,13.46102635,402.1.2.20,402.1.2.20,3.614733333,39.0176
403,1,2,20,0-20cm,Borena,Upper Kolla,3,36.87,39,1.105,icr115936,1.329392839,0.093280836,1.393371944,0.098038823,67.4784133,21.27245406,16.53565327,403.1.2.20,403.1.2.20,3.6145,39.01841667
404,1,2,20,0-20cm,Borena,Upper Kolla,3,36.845,39,1.116,icr115938,1.25879235,0.086617337,1.377268302,0.091163138,69.77945649,21.13027695,18.61390613,404.1.2.20,404.1.2.20,3.614083333,39.0186
405,1,2,20,0-20cm,Borena,Upper Kolla,3,36.802,39,1.196,icr115940,0.667820269,0.046774395,0.69129454,0.0488697,60.27472802,31.86766474,14.4828821,405.1.2.20,405.1.2.20,3.613366667,39.01993333
407,1,2,20,0-20cm,Borena,Upper Kolla,3,36.907,39,1.193,icr115944,0.852898404,0.059007276,0.881199831,0.061816708,58.80487518,33.00802418,17.19035306,407.1.2.20,407.1.2.20,3.615116667,39.01988333
407,2,1,20,0-20cm,Borena,Upper Kolla,3,36.654,39,1.276,icr115946,0.607723952,0.041659869,0.635440452,0.043462256,60.4291381,35.07299507,13.14156369,407.2.1.20,407.2.1.20,3.6109,39.02126667
408,1,2,20,0-20cm,Borena,Upper Kolla,3,36.903,39,1.246,icr115948,1.047810542,0.074005463,1.071057776,0.077695092,61.23614649,25.41993983,17.48980875,408.1.2.20,408.1.2.20,3.61505,39.02076667
409,1,2,20,0-20cm,Borena,Upper Kolla,3,36.921,39,1.211,icr115950,0.857849487,0.060774948,0.873042923,0.063564874,59.02970511,28.70858284,17.64002405,409.1.2.20,409.1.2.20,3.61535,39.02018333
410,1,2,20,0-20cm,Borena,Upper Kolla,3,36.808,39,41.044,icr115952,0.686878719,0.04863904,0.699871361,0.050777056,59.5035126,32.17199983,15.7704984,410.1.2.20,410.1.2.20,3.613466667,39.68406667
412,1,2,20,0-20cm,Borena,Upper Kolla,3,36.782,39,1.092,icr115955,0.73478799,0.051277513,0.759885349,0.053654086,62.3468948,29.34944238,14.81372441,412.1.2.20,412.1.2.20,3.613033333,39.0182
501,2,1,20,0-20cm,Borena,Upper Kolla,5,5.177,37,53.571,icr115957,1.754058933,0.136688276,1.820766768,0.144599274,69.1015032,6.868499969,11.69658549,501.2.1.20,501.2.1.20,5.086283333,37.89285
503,2,1,20,0-20cm,Borena,Upper Kolla,5,4.289,37,53.91,icr115961,1.525949441,0.111360511,1.676080373,0.117483043,63.3953945,10.37850703,14.60869748,503.2.1.20,503.2.1.20,5.071483333,37.8985
503,2,2,20,0-20cm,Borena,Upper Kolla,5,4.304,37,53.892,icr115963,1.704371612,0.127150688,1.837871074,0.134844713,68.33514325,7.667206018,12.03313478,503.2.2.20,503.2.2.20,5.071733333,37.8982
504,2,1,20,0-20cm,Borena,Upper Kolla,5,4.655,37,53.97,icr115965,1.526891157,0.116684594,1.643360853,0.123793057,66.60667951,8.129333194,12.09650129,504.2.1.20,504.2.1.20,5.077583333,37.8995
505,2,1,20,0-20cm,Borena,Upper Kolla,5,4.439,37,53.803,icr115967,1.956556539,0.137028125,2.179182737,0.145822634,70.54217857,7.270412643,12.54259964,505.2.1.20,505.2.1.20,5.073983333,37.89671667
506,2,1,20,0-20cm,Borena,Upper Kolla,5,2.337,37,51.961,icr115969,1.837174817,0.116669395,2.247274497,0.120431642,51.58720323,13.55989444,17.93108323,506.2.1.20,506.2.1.20,5.03895,37.86601667
507,2,1,20,0-20cm,Borena,Upper Kolla,5,1.914,37,51.669,icr115971,1.93295027,0.123134721,2.17218425,0.126473951,49.02014647,15.37002612,20.90293685,507.2.1.20,507.2.1.20,5.0319,37.86115
507,2,2,20,0-20cm,Borena,Upper Kolla,5,1.911,37,51.655,icr115973,1.818080557,0.116412148,2.051174237,0.119570727,48.07261274,15.85225533,20.69883402,507.2.2.20,507.2.2.20,5.03185,37.86091667
510,2,1,20,0-20cm,Borena,Upper Kolla,5,0.163,37,53.288,icr115979,1.540645464,0.095866304,1.824474115,0.097622463,40.35103897,27.72865671,26.93192047,510.2.1.20,510.2.1.20,5.002716667,37.88813333
511,2,1,20,0-20cm,Borena,Upper Kolla,5,0.234,37,13.501,icr115981,1.65053449,0.10403331,1.951783513,0.10696297,49.1830116,17.95430784,20.76091556,511.2.1.20,511.2.1.20,5.0039,37.22501667
512,2,1,20,0-20cm,Borena,Upper Kolla,5,0.147,37,53.28,icr115983,1.627972252,0.09751918,2.163464458,0.100145576,51.63392253,20.39146977,20.67805363,512.2.1.20,512.2.1.20,5.00245,37.888
512,2,2,20,0-20cm,Borena,Upper Kolla,5,0.163,37,13.288,icr115985,1.396710997,0.080722872,1.893285668,0.082584888,53.03266686,26.31982414,19.56880258,512.2.2.20,512.2.2.20,5.002716667,37.22146667
601,2,1,20,0-20cm,Borena,Weyna Dega,4,56.735,38,11.164,icr115987,2.224582171,0.160499852,2.266185409,0.166003993,62.77747318,10.65459357,20.4859448,601.2.1.20,601.2.1.20,4.945583333,38.18606667
602,2,1,20,0-20cm,Borena,Weyna Dega,5,3.103,38,15.18,icr115989,1.479550694,0.109078247,1.497143707,0.113177111,59.91057057,17.647606,19.87252151,602.2.1.20,602.2.1.20,5.051716667,38.253
602,3,1,20,0-20cm,Borena,Weyna Dega,5,3.479,38,15.399,icr115991,1.465321474,0.109318492,1.502717072,0.113554289,59.38535698,16.80356444,19.31480987,602.3.1.20,602.3.1.20,5.057983333,38.25665
603,2,1,20,0-20cm,Borena,Weyna Dega,5,3.261,38,14.688,icr115994,1.389888601,0.104993565,1.41440429,0.108749468,56.14170701,17.70651719,19.28108725,603.2.1.20,603.2.1.20,5.05435,38.2448
604,2,1,20,0-20cm,Borena,Weyna Dega,5,2.664,38,15.229,icr115996,1.336183024,0.098293428,1.345753399,0.100746897,57.85804001,20.91811497,18.64808482,604.2.1.20,604.2.1.20,5.0444,38.25381667
605,2,1,20,0-20cm,Borena,Weyna Dega,5,0.256,38,12.914,icr115999,0.967650036,0.072139915,0.974275356,0.072261259,35.66548542,48.05489659,28.88052086,605.2.1.20,605.2.1.20,5.004266667,38.21523333
605,2,2,20,0-20cm,Borena,Weyna Dega,5,0.238,38,12.889,icr116001,1.04663379,0.078997704,1.064859974,0.0787161,33.71302994,50.1236053,32.16082222,605.2.2.20,605.2.2.20,5.003966667,38.21481667
606,2,1,20,0-20cm,Borena,Weyna Dega,4,55.872,38,11.444,icr116003,1.418027897,0.101353977,1.466569289,0.103500848,45.89829977,22.78196323,25.60520331,606.2.1.20,606.2.1.20,4.9312,38.19073333
606,2,2,20,0-20cm,Borena,Weyna Dega,4,55.982,38,11.552,icr116005,1.354244865,0.102131256,1.368310015,0.105013515,53.73935421,20.62776095,21.02924963,606.2.2.20,606.2.2.20,4.933033333,38.19253333
608,2,1,20,0-20cm,Borena,Weyna Dega,4,59.224,38,14.021,icr116008,0.948987292,0.069598117,0.986658185,0.070835122,46.24709593,27.26850043,19.65564822,608.2.1.20,608.2.1.20,4.987066667,38.23368333
609,2,1,20,0-20cm,Borena,Weyna Dega,5,3.456,38,15.415,icr116010,1.230202409,0.091064779,1.268028639,0.094355199,58.24323664,18.29160808,17.46497835,609.2.1.20,609.2.1.20,5.0576,38.25691667
610,2,1,20,0-20cm,Borena,Weyna Dega,4,59.17,38,13.963,icr116013,1.340189029,0.100698902,1.379302642,0.102849713,52.43624802,18.22423297,19.22025972,610.2.1.20,610.2.1.20,4.986166667,38.23271667
610,2,2,20,0-20cm,Borena,Weyna Dega,4,59.192,38,13.987,icr116015,1.189149517,0.086868693,1.216449433,0.088556001,50.98627346,23.4433716,19.69280957,610.2.2.20,610.2.2.20,4.986533333,38.23311667
611,2,1,20,0-20cm,Borena,Weyna Dega,4,59.334,38,13.806,icr116017,0.964174912,0.070932518,0.991011865,0.072106504,44.9632951,31.59643905,21.49357068,611.2.1.20,611.2.1.20,4.9889,38.2301
612,3,1,20,0-20cm,Borena,Weyna Dega,4,59.43,38,13.763,icr116020,1.032474987,0.075639814,1.053955537,0.077733653,52.8908251,22.40631504,18.70087726,612.3.1.20,612.3.1.20,4.9905,38.22938333
701,2,1,20,0-20cm,Borena,Upper Kolla,4,52.123,37,51.231,icr116022,1.68722765,0.097671091,2.304502811,0.100496434,54.13406243,17.56643662,15.54725263,701.2.1.20,701.2.1.20,4.868716667,37.85385
704,2,1,20,0-20cm,Borena,Upper Kolla,4,52.18,37,51.911,icr116028,1.587130586,0.08783907,2.223144668,0.089953446,56.48804098,19.05285299,14.47718143,704.2.1.20,704.2.1.20,4.869666667,37.86518333
705,2,2,20,0-20cm,Borena,Upper Kolla,4,52.019,37,51.775,icr116030,1.486904798,0.082765637,2.047756457,0.085243291,56.43672796,18.26169803,13.98995117,705.2.2.20,705.2.2.20,4.866983333,37.86291667
705,2,3,20,0-20cm,Borena,Upper Kolla,4,52.043,37,51.76,icr116032,1.693879065,0.096374409,2.225759807,0.099053399,55.16026289,17.57952642,14.83257896,705.2.3.20,705.2.3.20,4.867383333,37.86266667
706,2,1,20,0-20cm,Borena,Upper Kolla,4,52.119,37,51.954,icr116034,1.588570933,0.093782765,1.958295791,0.096244926,54.38855719,19.22025257,16.01675003,706.2.1.20,706.2.1.20,4.86865,37.8659
707,2,1,20,0-20cm,Borena,Upper Kolla,4,51.686,37,51.879,icr116036,1.689416103,0.096427961,2.256112511,0.098559524,54.54433421,21.13593716,16.72645961,707.2.1.20,707.2.1.20,4.861433333,37.86465
708,2,1,20,0-20cm,Borena,Upper Kolla,4,51.922,37,51.859,icr116038,1.69065994,0.096008371,2.342885011,0.098868955,56.95480696,15.99925004,14.20167005,708.2.1.20,708.2.1.20,4.865366667,37.86431667
709,2,1,20,0-20cm,Borena,Upper Kolla,4,50.074,37,33.883,icr116040,1.256425314,0.081766804,1.394082572,0.084088353,54.34214509,20.00862621,17.28621413,709.2.1.20,709.2.1.20,4.834566667,37.56471667
709,2,2,20,0-20cm,Borena,Upper Kolla,4,50.073,37,53.929,icr116042,1.297340761,0.087054117,1.392750018,0.089188833,51.89520577,19.75590969,18.1591386,709.2.2.20,709.2.2.20,4.83455,37.89881667
710,2,1,20,0-20cm,Borena,Upper Kolla,4,49.817,37,54.768,icr116044,1.794375082,0.124215014,1.940355554,0.127989582,51.93505183,13.93585017,20.67879832,710.2.1.20,710.2.1.20,4.830283333,37.9128
712,2,1,20,0-20cm,Borena,Upper Kolla,4,49.929,37,54.518,icr116050,1.449695885,0.097291855,1.61336453,0.099688383,47.35394642,18.34020074,20.78451957,712.2.1.20,712.2.1.20,4.83215,37.90863333
801,2,1,20,0-20cm,Borena,Upper Kolla,6,4.799,38,5.001,icr116053,1.221785399,0.091665842,1.326043816,0.092560554,30.73119525,29.43572046,40.88234833,801.2.1.20,801.2.1.20,6.079983333,38.08335
802,2,1,20,0-20cm,Borena,Upper Kolla,6,4.49,38,4.923,icr116054,1.278253417,0.093955504,1.413541763,0.095947278,41.27285091,14.97145215,24.36044297,802.2.1.20,802.2.1.20,6.074833333,38.08205
803,1,2,20,0-20cm,Borena,Upper Kolla,6,4.136,38,4.332,icr116058,2.389631381,0.180301666,2.56952076,0.189035895,54.00438463,8.341100149,22.07594871,803.1.2.20,803.1.2.20,6.068933333,38.0722
804,1,3,20,0-20cm,Borena,Upper Kolla,6,4.184,38,4.83,icr116062,1.134610178,0.088508645,1.202976455,0.089481872,32.47286949,26.39143049,36.34026254,804.1.3.20,804.1.3.20,6.069733333,38.0805
805,1,2,20,0-20cm,Borena,Upper Kolla,6,3.75,38,3.364,icr116065,1.761528606,0.130710982,1.919931298,0.135578358,49.35343057,10.12974719,21.03196777,805.1.2.20,805.1.2.20,6.0625,38.05606667
806,1,5,20,0-20cm,Borena,Upper Kolla,6,3.71,38,5.467,icr116067,2.185814623,0.16880399,2.34187394,0.17598676,50.04605968,9.659562526,24.72952901,806.1.5.20,806.1.5.20,6.061833333,38.09111667
806,2,1,20,0-20cm,Borena,Upper Kolla,6,3.95,38,5.435,icr116069,2.08937544,0.160787287,2.25865597,0.167999623,48.49544632,10.80828786,26.54618149,806.2.1.20,806.2.1.20,6.065833333,38.09058333
807,5,1,20,0-20cm,Borena,Upper Kolla,6,3.635,38,5.72,icr116071,3.743919083,0.305075359,3.86719208,0.330544834,76.34984259,3.446686848,14.59896602,807.5.1.20,807.5.1.20,6.060583333,38.09533333
807,5,2,20,0-20cm,Borena,Upper Kolla,6,3.641,38,5.723,icr116073,3.697582226,0.295286753,3.834687266,0.319684125,72.2910495,4.219451704,16.49395161,807.5.2.20,807.5.2.20,6.060683333,38.09538333
808,2,1,20,0-20cm,Borena,Upper Kolla,6,3.374,38,5.964,icr116075,4.020279892,0.326299653,4.151301173,0.352107624,74.43163763,3.630429293,15.47356857,808.2.1.20,808.2.1.20,6.056233333,38.0994
808,2,2,20,0-20cm,Borena,Upper Kolla,6,3.366,38,5.962,icr116077,3.243385208,0.279821705,3.295296891,0.304661632,86.09796625,2.282986895,9.850158531,808.2.2.20,808.2.2.20,6.0561,38.09936667
809,1,2,20,0-20cm,Borena,Upper Kolla,6,3.533,38,6.544,icr116079,1.677594717,0.128713453,1.779815047,0.133308895,52.70128314,10.67070113,20.15569374,809.1.2.20,809.1.2.20,6.058883333,38.10906667
809,2,1,20,0-20cm,Borena,Upper Kolla,6,3.856,38,6.128,icr116080,2.914869057,0.223688767,3.098724383,0.237076213,63.41019663,6.26438643,19.89831604,809.2.1.20,809.2.1.20,6.064266667,38.10213333
810,1,2,20,0-20cm,Borena,Upper Kolla,6,3.8,38,6.046,icr116081,2.392252815,0.185683171,2.562976368,0.197757399,69.27744779,5.060611376,15.19687344,810.1.2.20,810.1.2.20,6.063333333,38.10076667
812,1,2,20,0-20cm,Borena,Upper Kolla,6,3.776,38,5.937,icr116089,2.380218601,0.195097749,2.499081394,0.210600077,77.46932658,3.687519425,11.80757227,812.1.2.20,812.1.2.20,6.062933333,38.09895
812,2,1,20,0-20cm,Borena,Upper Kolla,6,3.98,38,5.415,icr116091,3.67915625,0.285882343,4.007646778,0.307464638,69.45884698,5.565433681,21.19142194,812.2.1.20,812.2.1.20,6.066333333,38.09025
901,2,1,20,0-20cm,Borena,Upper Kolla,3,46.269,38,47.652,icr116094,1.692210853,0.122813727,1.797824544,0.12903853,63.61004754,10.68002,15.6039353,901.2.1.20,901.2.1.20,3.77115,38.7942
901,2,2,20,0-20cm,Borena,Upper Kolla,3,46.273,38,47.638,icr116096,1.18068511,0.085706544,1.260241914,0.089753411,62.05153212,14.25296499,13.63324607,901.2.2.20,901.2.2.20,3.771216667,38.79396667
902,2,1,20,0-20cm,Borena,Upper Kolla,3,45.644,38,47.485,icr116099,1.157760277,0.086412991,1.228195121,0.090693331,61.7323215,15.46113104,14.07367505,902.2.1.20,902.2.1.20,3.760733333,38.79141667
902,2,2,20,0-20cm,Borena,Upper Kolla,3,45.635,38,47.512,icr116101,1.047331294,0.078790681,1.11435788,0.082520636,58.47628322,17.05425182,14.30324338,902.2.2.20,902.2.2.20,3.760583333,38.79186667
903,2,2,20,0-20cm,Borena,Upper Kolla,3,46.137,38,48.054,icr116105,1.250209647,0.090523071,1.326228924,0.095220755,57.0769507,16.49246927,16.62774294,903.2.2.20,903.2.2.20,3.76895,38.8009
904,2,1,20,0-20cm,Borena,Upper Kolla,3,46.139,38,48.035,icr116108,1.111884687,0.081750235,1.189491893,0.085909797,60.08511941,16.47794028,15.12155481,904.2.1.20,904.2.1.20,3.768983333,38.80058333
905,2,1,20,0-20cm,Borena,Upper Kolla,3,46.146,38,47.997,icr116113,1.076838866,0.076463453,1.147075399,0.080207381,61.22517544,17.90879225,14.64341894,905.2.1.20,905.2.1.20,3.7691,38.79995
905,2,2,20,0-20cm,Borena,Upper Kolla,3,46.183,38,48.009,icr116115,1.066852343,0.075440278,1.14171198,0.079118456,60.80140822,18.77956226,14.87673718,905.2.2.20,905.2.2.20,3.769716667,38.80015
906,2,1,20,0-20cm,Borena,Upper Kolla,3,45.514,38,47.8,icr116117,1.130059217,0.082562926,1.201687264,0.087105575,57.42630335,17.19880003,15.56786611,906.2.1.20,906.2.1.20,3.758566667,38.79666667
906,2,2,20,0-20cm,Borena,Upper Kolla,3,45.355,38,47.643,icr116120,0.827689029,0.060514577,0.883467245,0.063506959,56.77814044,19.15418157,13.51132461,906.2.2.20,906.2.2.20,3.755916667,38.79405
907,2,2,20,0-20cm,Borena,Upper Kolla,3,44.402,38,47.707,icr116122,1.316693472,0.095335574,1.376924478,0.100339159,54.88542016,15.54055122,18.19193163,907.2.2.20,907.2.2.20,3.740033333,38.79511667
907,3,1,20,0-20cm,Borena,Upper Kolla,3,45.377,38,47.694,icr116125,1.402867772,0.098844613,1.45358465,0.103923635,54.58593782,17.96264279,20.23736976,907.3.1.20,907.3.1.20,3.756283333,38.7949
908,2,1,20,0-20cm,Borena,Upper Kolla,3,45.009,38,47.672,icr116128,0.881601963,0.064109649,0.949550273,0.067706382,57.28549574,20.58963926,13.90250041,908.2.1.20,908.2.1.20,3.75015,38.79453333
908,2,2,20,0-20cm,Borena,Upper Kolla,3,45.038,38,47.695,icr116130,0.916462358,0.065212434,0.982614625,0.068577679,56.52088912,24.8655373,15.85529615,908.2.2.20,908.2.2.20,3.750633333,38.79491667
909,1,2,20,0-20cm,Borena,Upper Kolla,3,45.826,38,47.684,icr116132,1.534462352,0.109730934,1.623351464,0.115913584,56.768975,13.26772824,18.58510604,909.1.2.20,909.1.2.20,3.763766667,38.79473333
909,2,1,20,0-20cm,Borena,Upper Kolla,3,46.387,38,47.702,icr116135,1.218648117,0.088855112,1.297474502,0.093468157,63.05099065,13.0582861,12.86192764,909.2.1.20,909.2.1.20,3.773116667,38.79503333
910,1,2,20,0-20cm,Borena,Upper Kolla,3,44.777,38,47.732,icr116137,0.769394619,0.054603776,0.829106239,0.057508128,58.28259285,24.05594903,13.06167104,910.1.2.20,910.1.2.20,3.746283333,38.79553333
910,2,1,20,0-20cm,Borena,Upper Kolla,3,44.756,38,47.814,icr116139,1.019707526,0.07507358,1.09783414,0.079142879,61.33926198,18.12798558,14.00100623,910.2.1.20,910.2.1.20,3.745933333,38.7969
911,1,2,20,0-20cm,Borena,Upper Kolla,3,44.786,38,47.781,icr116142,0.966272669,0.071411984,1.035751203,0.074842672,61.53890741,16.4123862,12.13248879,911.1.2.20,911.1.2.20,3.746433333,38.79635
911,1,3,20,0-20cm,Borena,Upper Kolla,3,44.871,38,47.783,icr116144,1.164544994,0.084736966,1.257456564,0.089357684,60.99066374,17.92623295,14.55868825,911.1.3.20,911.1.3.20,3.74785,38.79638333
912,1,2,20,0-20cm,Borena,Upper Kolla,3,44.883,38,47.666,icr116146,1.600079374,0.115433751,1.71749246,0.121755999,63.88912148,15.74016277,16.55899729,912.1.2.20,912.1.2.20,3.74805,38.79443333
912,2,1,20,0-20cm,Borena,Upper Kolla,3,44.731,38,47.784,icr116149,1.287277869,0.092062227,1.38519861,0.096614534,60.6038181,19.59020729,15.4185943,912.2.1.20,912.2.1.20,3.745516667,38.7964
